Name,Type,Class,Level,Damage,Projectile,Perks,Form ID,Editor ID,Source URL
Enclave plasma gun,Ranged,,25 / 35 / 45,"Bloody MessNon-auto pistol:Gunslinger(Expert,Master)Auto pistol:Guerrilla(Expert,Master)",,"Bloody Mess; Covert Operative; Tank Killer; Gunsmith; Quick Hands; Modern Renegade; Tormentor; Expert, Master: Gunslinger, Guerrilla; Pistol: Gun Runner; Rifle: Ground Pounder; pistol only: Packin' Light; rifle only: Arms Keeper; scoped only: Sniper; sighted only: Crack Shot, Long Shot",002FD97A,Enclave_PlasmaGun,https://fallout.fandom.com/wiki/Enclave_plasma_gun
Laser gun,Ranged,,5 / 15 / 25 / 35 / 45,"Bloody MessNon-auto pistol:Gunslinger(Expert,Master)Auto pistol:Guerrilla(Expert,Master)",,"Bloody Mess; Covert Operative; Tank Killer; Gunsmith; Quick Hands; Modern Renegade; Tormentor; Expert, Master: Gunslinger, Guerrilla; Pistol: Gun Runner; Rifle: Ground Pounder; pistol only: Packin' Light; rifle only: Arms Keeper; scoped only: Sniper; sighted only: Crack Shot, Long Shot",0009983B,LaserGun,https://fallout.fandom.com/wiki/Laser_gun_(Fallout_76)
Pipe bolt-action,Ranged,,1 / 5 / 10 / 20 / 30 / 40 / 50,"Bloody MessNon-auto pistol:Gunslinger(Expert,Master)",,"Bloody Mess; Covert Operative; Tank Killer; Quick Hands; Expert, Master: Gunslinger; pistol: Gun Runner, Modern Renegade; pistol & sighted: Crack Shot; pistol only: Packin' Light; rifle: Ground Pounder, Tormentor; rifle & sighted: Long Shot; rifle only: Arms Keeper; scoped: Sniper; suppressor: Mister Sandman",0014831A,PipeBoltAction,https://fallout.fandom.com/wiki/Pipe_bolt-action_(Fallout_76)
Pipe gun,Ranged,,1 / 5 / 10 / 20 / 30 / 40 / 50,Bloody Mess,,Bloody Mess; Covert Operative; Tank Killer; Arms Keeper; Gunsmith; Gun Runner; Modern Renegade; Ground Pounder; Pistol: Crack Shot; Rifle: Tormentor; scoped only: Sniper; sighted only: Long Shot; suppressed only: Mister Sandman,00024F55,PipeGun,https://fallout.fandom.com/wiki/Pipe_gun_(Fallout_76)
Pipe revolver,Ranged,,1 / 5 / 10 / 20 / 30 / 40 / 50,"Bloody MessPistol:Gunslinger(Expert,Master)",,"Bloody Mess; Covert Operative; Tank Killer; Gunsmith; Quick Hands; Modern Renegade; Tormentor; Expert, Master: Gunslinger; Pistol: Gun Runner; Rifle: Ground Pounder; pistol only: Packin' Light; rifle only: Arms Keeper; scoped only: Sniper; sighted only: Crack Shot, Long Shot; suppressor only: Mister Sandman",0014831B,PipeRevolver,https://fallout.fandom.com/wiki/Pipe_revolver_(Fallout_76)
Plasma gun,Ranged,,15 / 25 / 35 / 45,"Bloody MessNon-auto pistol:Gunslinger(Expert,Master)Auto pistol:Guerrilla(Expert,Master)",,"Bloody Mess; Covert Operative; Tank Killer; Gunsmith; Quick Hands; Modern Renegade; Tormentor; Expert, Master: Gunslinger, Guerrilla; Pistol: Gun Runner; Rifle: Ground Pounder; pistol only: Packin' Light; rifle only: Arms Keeper; scoped only: Sniper; sighted only: Crack Shot, Long Shot",00100AE9,PlasmaGun,https://fallout.fandom.com/wiki/Plasma_gun_(Fallout_76)
Ultracite laser gun,Ranged,,30 / 40 / 50,"Bloody MessNon-auto pistol:Gunslinger(Expert,Master)Auto pistol:Guerrilla(Expert,Master)",,"Bloody Mess; Covert Operative; Tank Killer; Gunsmith; Quick Hands; Modern Renegade; Tormentor; Expert, Master: Gunslinger, Guerrilla; Pistol: Gun Runner; Rifle: Ground Pounder; pistol only: Packin' Light; rifle only: Arms Keeper; scoped only: Sniper; sighted only: Crack Shot, Long Shot",00186171,UltraciteLaserGun,https://fallout.fandom.com/wiki/Ultracite_laser_gun
.44 pistol,Ranged,,5 / 15 / 25 / 35 / 45,"Gunslinger(Expert,Master)Bloody Mess",,"Bloody Mess; Covert Operative; Tank Killer; Packin' Light; Gunsmith; Gun Runner; Modern Renegade; Quick Hands; Expert, Master: Gunslinger; scoped: Sniper; sighted: Crack Shot",000CE97D,44,https://fallout.fandom.com/wiki/.44_pistol_(Fallout_76)
10mm pistol,Ranged,,1 / 5 (legacy) / 15 / 25 / 35 / 45,Bloody Mess,,Bloody Mess; Covert Operative; Tank Killer; Arms Keeper; Gun Runner; Modern Renegade; scoped only: Sniper; sighted only: Crack Shot; suppressor only: Mister Sandman,00004822,10mm,https://fallout.fandom.com/wiki/10mm_pistol_(Fallout_76)
Alien blaster,Ranged,,20 / 30 / 40 / 50,"Gunslinger(Expert,Master)Bloody MessCryo/Poison mag:Demolition Expert",,"Bloody Mess; Demolition Expert; Covert Operative; Tank Killer; Packin' Light; Gunsmith; Gun Runner; Modern Renegade; Quick Hands; Expert, Master: Gunslinger; scoped only: Sniper; sighted only: Crack Shot",000FF995,AlienBlaster,https://fallout.fandom.com/wiki/Alien_blaster_(Fallout_76)
Black powder blunderbuss,Ranged,,10 / 20 / 30 / 40 / 50,"Gunslinger(Expert,Master)Bloody Mess",,"Bloody Mess; Covert Operative; Tank Killer; Packin' Light; Gunsmith; Gun Runner; Modern Renegade; Quick Hands; Crack Shot; Expert, Master: Gunslinger",00003AAD,Blackpowder_Pistol_Blunderbuss,https://fallout.fandom.com/wiki/Black_powder_blunderbuss
Black powder pistol,Ranged,,10 / 20 / 30 / 40 / 50,"Gunslinger(Expert,Master)Bloody Mess",,"Bloody Mess; Covert Operative; Tank Killer; Packin' Light; Gunsmith; Gun Runner; Modern Renegade; Quick Hands; Crack Shot; Expert, Master: Gunslinger",00003AAC,Blackpowder_Pistol,https://fallout.fandom.com/wiki/Black_powder_pistol
Crusader pistol,Ranged,,30 / 35 / 40 / 45 / 50,"Gunslinger(Expert,Master)Bloody Mess",,"Bloody Mess; Covert Operative; Tank Killer; Packin' Light; Crack Shot; Gun Runner; Gunsmith; Modern Renegade; Expert, Master: Gunslinger; suppressed only: Mister Sandman",005E6FC0,BoSPistol,https://fallout.fandom.com/wiki/Crusader_pistol
Flare gun,Ranged,,1,"Gunslinger(Expert,Master)Bloody Mess",,"Bloody Mess; Covert Operative; Tank Killer; Packin' Light; Gunsmith; Gun Runner; Modern Renegade; Quick Hands; Crack Shot; Expert, Master: Gunslinger",001025AC,FlareGun,https://fallout.fandom.com/wiki/Flare_gun_(Fallout_76)
Gamma gun,Ranged,,15 / 25 / 35 / 45,"Bloody MessSemi-auto:Gunslinger(Expert,Master)Auto:Guerrilla(Expert,Master)",,"Bloody Mess; Covert Operative; Tank Killer; Packin' Light; Grenadier; Gunsmith; Gun Runner; Modern Renegade; Quick Hands; Crack Shot; Expert, Master: Gunslinger; Expert,Master: Guerrilla",000DDB7C,GammaGun,https://fallout.fandom.com/wiki/Gamma_gun_(Fallout_76)
Gauss pistol,Ranged,,15 / 20 / 25 / 30 / 35 / 40 / 45 / 50,"Gunslinger(Expert,Master)Bloody Mess",,"Bloody Mess; Covert Operative; Tank Killer; Packin' Light; Grenadier; Gunsmith; Gun Runner; Modern Renegade; Quick Hands; Crack Shot; Expert, Master: Gunslinger; suppressor only: Mister Sandman",0054A165,Gauss_Pistol,https://fallout.fandom.com/wiki/Gauss_pistol_(Wastelanders)
Salvaged Assaultron head,Ranged,,25 / 35 / 45,"Gunslinger(Expert,Master)Bloody Mess",,"Bloody Mess; Covert Operative; Tank Killer; Packin' Light; Gunsmith; Gun Runner; Modern Renegade; Expert, Master: Gunslinger",0010FAA7,DLC01AssaultronHeadCharging,https://fallout.fandom.com/wiki/Salvaged_Assaultron_head_(Fallout_76)
Single action revolver,Ranged,,10 / 20 / 30 / 40 / 50,"Gunslinger(Expert,Master)Bloody Mess",,"Bloody Mess; Covert Operative; Tank Killer; Packin' Light; Gunsmith; Gun Runner; Modern Renegade; Quick Hands; Crack Shot; Expert, Master: Gunslinger",001C7A69,SingleActionRevolver,https://fallout.fandom.com/wiki/Single_action_revolver
Western revolver,Ranged,,20 / 30 / 40 / 50,"Gunslinger(Expert,Master)Bloody Mess",,"Bloody Mess; Covert Operative; Tank Killer; Packin' Light; Gunsmith; Gun Runner; Modern Renegade; Quick Hands; Expert, Master: Gunslinger; scoped only: Sniper; sighted only: Crack Shot",00113D6A,DLC04_Revolver,https://fallout.fandom.com/wiki/Western_revolver_(Fallout_76)
10mm submachine gun,Ranged,,10 / 20 / 30 / 40 / 50,Bloody Mess,,Bloody Mess; Covert Operative; Tank Killer; Arms Keeper; Gunsmith; Ground Pounder; Quick Hands; Tormentor; Long Shot,0010DB0F,10mmSMG,https://fallout.fandom.com/wiki/10mm_SMG_(Fallout_76)
Alien disintegrator,Ranged,,20 / 30 / 40 / 50,Bloody Mess,,Bloody Mess; Covert Operative; Tank Killer; Arms Keeper; Ground Pounder; Gunsmith; Tormentor; Quick Hands,0062FE8E,AlienRifle,https://fallout.fandom.com/wiki/Alien_disintegrator_(Fallout_76)
Assault rifle,Ranged,,30 / 40 / 50,Bloody Mess,,Bloody Mess; Covert Operative; Tank Killer; Arms Keeper; Gunsmith; Ground Pounder; Quick Hands; Tormentor; scoped only: Sniper; sighted only: Long Shot; suppressor only: Mister Sandman,0000463F,AssaultRifle,https://fallout.fandom.com/wiki/Assault_rifle_(Fallout_76)
Black powder rifle,Ranged,,15 / 25 / 35 / 45,Bloody Mess,,Bloody Mess; Covert Operative; Tank Killer; Arms Keeper; Gunsmith; Ground Pounder; Quick Hands; Tormentor; Long Shot,00091BB4,BlackPowder_Rifle,https://fallout.fandom.com/wiki/Black_powder_rifle
Combat rifle,Ranged,,20 / 30 / 40 / 50,Bloody Mess,,Bloody Mess; Covert Operative; Tank Killer; Arms Keeper; Gunsmith; Ground Pounder; Quick Hands; Tormentor; scoped only: Sniper; sighted only: Long Shot; suppressor only: Mister Sandman,000DF42E,CombatRifle,https://fallout.fandom.com/wiki/Combat_rifle_(Fallout_76)
The Dragon,Ranged,,35 / 45,Bloody Mess,,Bloody Mess; Covert Operative; Tank Killer; Arms Keeper; Gunsmith; Ground Pounder; Long Shot; Tormentor,00046946,BlackPowder_Rifle_Dragon,https://fallout.fandom.com/wiki/The_Dragon
The Fixer,Ranged,,20 / 30 / 40 / 50,Bloody Mess,,Bloody Mess; Covert Operative; Tank Killer; Gunsmith; Ground Pounder; Quick Hands; Tormentor; scoped only: Sniper; sighted only: Long Shot; suppressor only: Mister Sandman,0046D2A1,CombatRifle_Fixer,https://fallout.fandom.com/wiki/The_Fixer
Gauss rifle,Ranged,,35 / 45,Bloody MessDemolition Expert,,Bloody Mess; Demolition Expert; Covert Operative; Tank Killer; Arms Keeper; Grenadier; Gunsmith; Ground Pounder; Quick Hands; Tormentor; scoped only: Sniper; sighted only: Long Shot; suppressor only: Mister Sandman,000D1EB0,GaussRifle,https://fallout.fandom.com/wiki/Gauss_rifle_(Fallout_76)
Handmade rifle,Ranged,,15 / 25 / 35 / 45,Bloody Mess,,Bloody Mess; Covert Operative; Tank Killer; Arms Keeper; Gunsmith; Ground Pounder; Quick Hands; Tormentor; scoped only: Sniper; sighted only: Long Shot; suppressor only: Mister Sandman,00113854,DLC04_HandMadeGun,https://fallout.fandom.com/wiki/Handmade_rifle_(Fallout_76)
Hunting rifle,Ranged,,1 / 5 / 10 / 20 / 30 / 40 / 50,Bloody Mess,,Bloody Mess; Covert Operative; Tank Killer; Arms Keeper; Gunsmith; Ground Pounder; Quick Hands; Tormentor; scoped only: Sniper; sighted only: Long Shot; suppressor only: Mister Sandman,0004F46A,HuntingRifle,https://fallout.fandom.com/wiki/Hunting_rifle_(Fallout_76)
Lever action rifle,Ranged,,25 / 35 / 45,Bloody Mess,,Bloody Mess; Covert Operative; Tank Killer; Arms Keeper; Gunsmith; Ground Pounder; Quick Hands; Tormentor; scoped only: Sniper; sighted only: Long Shot; suppressor only: Mister Sandman,00110E32,DLC03_LeverGun,https://fallout.fandom.com/wiki/Lever_action_rifle_(Fallout_76)
Radium rifle,Ranged,,40 / 50,Bloody Mess,,Bloody Mess; Covert Operative; Tank Killer; Arms Keeper; Gunsmith; Ground Pounder; Quick Hands; Tormentor; scoped only: Sniper; sighted only: Long Shot; suppressor only: Mister Sandman,00110D41,RadiumRifle,https://fallout.fandom.com/wiki/Radium_rifle_(Fallout_76)
Railway rifle,Ranged,,30 / 40 / 50,Bloody Mess,,Bloody Mess; Covert Operative; Tank Killer; Arms Keeper; Gunsmith; Ground Pounder; Quick Hands; Tormentor; scoped only: Sniper; sighted only: Long Shot,000FE268,RailwayRifle,https://fallout.fandom.com/wiki/Railway_rifle_(Fallout_76)
Submachine gun,Ranged,,15 / 25 / 35 / 45,Bloody Mess,,Bloody Mess; Covert Operative; Tank Killer; Arms Keeper; Gunsmith; Ground Pounder; Quick Hands; Tormentor; Long Shot; suppressor only: Mister Sandman,0015B043,SubmachineGun,https://fallout.fandom.com/wiki/Submachine_gun_(Fallout_76)
Syringer,Ranged,,1,Bloody Mess,,Bloody Mess; Covert Operative; Tank Killer; Arms Keeper; Gunsmith; Ground Pounder; Tormentor; scoped only: Sniper; sighted only: Long Shot,0014D09E,PipeSyringer,https://fallout.fandom.com/wiki/Syringer_(Fallout_76)
Tesla rifle,Ranged,,40 / 50,Bloody Mess,,Bloody Mess; Covert Operative; Tank Killer; Arms Keeper; Gunsmith; Grenadier; Ground Pounder; Tormentor; Long Shot,0010F0EC,DCL01LightningGun,https://fallout.fandom.com/wiki/Tesla_rifle_(Fallout_76)
V63 Laser carbine,Ranged,,10 / 20 / 30 / 40 / 50,Bloody Mess,,Bloody Mess; Covert Operative; Tank Killer; Arms Keeper; Gunsmith; Quick Hands; Ground Pounder; Tormentor,006F5790,meltdown,https://fallout.fandom.com/wiki/V63_Laser_carbine
Combat shotgun,Ranged,,20 / 30 / 40 / 50,Bloody Mess,,Bloody Mess; Covert Operative; Scattershot; Gunsmith; Enforcer; Scattershot; Skeet Shooter; Quick Hands; suppressor only: Mister Sandman,0014831C,CombatShotgun,https://fallout.fandom.com/wiki/Combat_shotgun_(Fallout_76)
Double-barrel shotgun,Ranged,,15 / 25 / 35 / 45,Bloody Mess,,Bloody Mess; Covert Operative; Scattershot; Gunsmith; Enforcer; Scattershot; Skeet Shooter; Quick Hands,00092217,DoubleBarrelShotgun,https://fallout.fandom.com/wiki/Double-barrel_shotgun_(Fallout_76)
Gauss shotgun,Ranged,,25 / 30 / 35 / 40 / 45 / 50,Demolition ExpertBloody Mess,,Demolition Expert; Bloody Mess; Covert Operative; Scattershot; Gunsmith; Enforcer; Scattershot; Skeet Shooter; Quick Hands; optional: Grenadier,0055C150,GaussShotgun,https://fallout.fandom.com/wiki/Gauss_shotgun
Pepper Shaker,Ranged,,35 / 40 / 45 / 50,Bloody Mess,,Bloody Mess; Covert Operative; Stabilized; Scattershot; Bullet Shield; Gunsmith; Enforcer; One Gun Army; Quick Hands; Scattershot; Skeet Shooter,0060E0EF,PepperShaker,https://fallout.fandom.com/wiki/Pepper_Shaker
Pump action shotgun,Ranged,,5 / 15 / 25 / 35 / 45,Bloody Mess,,Bloody Mess; Covert Operative; Scattershot; Gunsmith; Enforcer; Scattershot; Skeet Shooter; Quick Hands; suppressor only: Mister Sandman,0012DBB3,PumpActionShotgun,https://fallout.fandom.com/wiki/Pump_action_shotgun_(Fallout_76)
Bow,Ranged,,1 / 5 / 10 / 15 / 20 / 25 / 30 / 35 / 40 / 45 / 50,Hat Trick(Master Archer)Bloody Mess,,Master Archer; Bloody Mess; Covert Operative; Mister Sandman; Bow Before Me; Gunsmith; Quick Hands; Master Archer: Hat Trick; optional: Grenadier,0055C152,RegularBow,https://fallout.fandom.com/wiki/Bow_(Wastelanders)
Compound bow,Ranged,,10 / 15 / 20 / 25 / 30 / 35 / 40 / 45 / 50,Hat Trick(Master Archer)Bloody Mess,,Master Archer; Bloody Mess; Covert Operative; Mister Sandman; Bow Before Me; Gunsmith; Master Archer: Hat Trick; optional: Grenadier,00013CE9,CompoundBow,https://fallout.fandom.com/wiki/Compound_bow_(Wastelanders)
Crossbow,Ranged,,15 / 25 / 35 / 45,Hat Trick(Master Archer)Bloody Mess,,Master Archer; Bloody Mess; Covert Operative; Mister Sandman; Bow Before Me; Gunsmith; Quick Hands; Master Archer: Hat Trick; optional: Grenadier,00055463,Crossbow,https://fallout.fandom.com/wiki/Crossbow_(Fallout_76)
.50 cal machine gun,Ranged,,25 / 35 / 45,Bloody Mess,,Bloody Mess; Covert Operative; Stabilized; Bullet Shield; One Gun Army,0003A0D4,50CalMachineGun,https://fallout.fandom.com/wiki/.50_cal_machine_gun
Cremator,Ranged,,30 / 40 / 50,Demolition ExpertBloody Mess,,Demolition Expert; Bloody Mess; Covert Operative; Stabilized; Bullet Shield; Gunsmith; One Gun Army; Grenadier,00729BFE,Cremator,https://fallout.fandom.com/wiki/Cremator
Cryolator,Ranged,,25 / 35 / 45,Bloody MessCrystalizing barrel:Demolition Expert,,Bloody Mess; Demolition Expert; Covert Operative; Stabilized; Bullet Shield; Gunsmith; One Gun Army; Grenadier,00171B2B,Cryolator,https://fallout.fandom.com/wiki/Cryolator_(Fallout_76)
Flamer,Ranged,,30 / 40 / 50,Bloody Mess,,Bloody Mess; Covert Operative; Stabilized; Bullet Shield; Gunsmith; One Gun Army,000E5881,Flamer,https://fallout.fandom.com/wiki/Flamer_(Fallout_76)
Gatling gun,Ranged,,20 / 30 / 40 / 50,Bloody Mess,,Bloody Mess; Covert Operative; Stabilized; Bullet Shield; Gunsmith; One Gun Army; Quick Hands,00011BF6,GatlingGun,https://fallout.fandom.com/wiki/Gatling_gun
Gatling laser,Ranged,,25 / 35 / 45,Bloody Mess,,Bloody Mess; Covert Operative; Stabilized; Bullet Shield; Gunsmith; One Gun Army; Quick Hands,000E27BC,GatlingLaser,https://fallout.fandom.com/wiki/Gatling_laser_(Fallout_76)
Gatling plasma,Ranged,,30 / 40 / 50,Bloody Mess,,Bloody Mess; Covert Operative; Stabilized; Bullet Shield; One Gun Army,0001EC47,GatlingPlasma,https://fallout.fandom.com/wiki/Gatling_plasma_(Fallout_76)
Gauss minigun,Ranged,,45 / 50,Bloody MessDemolition Expert,,Bloody Mess; Demolition Expert; Covert Operative; Stabilized; Bullet Shield; Grenadier; Gunsmith; One Gun Army,0055C151,Gauss_Minigun,https://fallout.fandom.com/wiki/Gauss_minigun_(Fallout_76)
Harpoon gun,Ranged,,30 / 40 / 50,Bloody Mess,,Bloody Mess; Covert Operative; Stabilized; Bullet Shield; Gunsmith; One Gun Army; Quick Hands,001109CF,DLC03_HarpoonGun,https://fallout.fandom.com/wiki/Harpoon_gun_(Fallout_76)
Light machine gun,Ranged,,30 / 40 / 50,Bloody Mess,,Bloody Mess; Covert Operative; Stabilized; Bullet Shield; Gunsmith; One Gun Army; Quick Hands,0007CAB1,MG42,https://fallout.fandom.com/wiki/Light_machine_gun_(Fallout_76)
Minigun,Ranged,,35 / 45,Bloody Mess,,Bloody Mess; Covert Operative; Stabilized; Bullet Shield; One Gun Army,0001F669,Minigun,https://fallout.fandom.com/wiki/Minigun_(Fallout_76)
Plasma caster,Ranged,,40 / 45 / 50,Bloody Mess,,Bloody Mess; Covert Operative; Stabilized; Bullet Shield; Gunsmith; One Gun Army,0055C166,PlasmaCaster,https://fallout.fandom.com/wiki/Plasma_caster_(Fallout_76)
Tesla cannon,Ranged,,30 / 40 / 50,Demolition ExpertBloody Mess,,Demolition Expert; Bloody Mess; Covert Operative; Stabilized; Batteries Included; Bullet Shield; Grenadier; Gunsmith; One Gun Army; Quick Hands,0079AC42,TeslaCannon,https://fallout.fandom.com/wiki/Tesla_cannon_(Fallout_76)
Ultracite Gatling laser,Ranged,,35 / 45,Bloody Mess,,Bloody Mess; Covert Operative; Stabilized; Bullet Shield; Gunsmith; One Gun Army; Quick Hands,002EF66E,Ultracite_GatlingLaser,https://fallout.fandom.com/wiki/Ultracite_Gatling_laser
Auto grenade launcher,Ranged,,40 / 50,Demolition ExpertBloody Mess,,Demolition Expert; Bloody Mess; Covert Operative; Stabilized; Ordnance Express; Bullet Shield; Gunsmith; One Gun Army; Quick Hands,00182634,LGV01_AutoGrenadeLauncher,https://fallout.fandom.com/wiki/Auto_grenade_launcher
Broadsider,Ranged,,25 / 35 / 45,Demolition ExpertBloody Mess,,Demolition Expert; Bloody Mess; Covert Operative; Stabilized; Ordnance Express; Bullet Shield; Grenadier; Gunsmith; One Gun Army; Quick Hands,000FD11B,Broadsider,https://fallout.fandom.com/wiki/Broadsider_(Fallout_76)
Fat Man,Ranged,,25 / 35 / 45,Demolition ExpertBloody Mess,,Demolition Expert; Bloody Mess; Covert Operative; Stabilized; Ordnance Express; Bullet Shield; Grenadier; Gunsmith; One Gun Army; Quick Hands,000BD56F,Fatman,https://fallout.fandom.com/wiki/Fat_Man_(Fallout_76)
Hellstorm missile launcher,Ranged,,40 / 45 / 50,Demolition ExpertBloody Mess,,Demolition Expert; Bloody Mess; Covert Operative; Stabilized; Ordnance Express; Bullet Shield; Grenadier; Gunsmith; Lock and Load; One Gun Army,005E47EE,BOSRocketLauncher,https://fallout.fandom.com/wiki/Hellstorm_missile_launcher
M79 grenade launcher,Ranged,,15 / 25 / 35 / 45,Demolition ExpertBloody Mess,,Demolition Expert; Bloody Mess; Covert Operative; Stabilized; Ordnance Express; Bullet Shield; Gunsmith; One Gun Army; Quick Hands,0008F0EF,M79,https://fallout.fandom.com/wiki/M79_grenade_launcher
Missile launcher,Ranged,,20 / 30 / 40 / 50,Demolition ExpertBloody Mess,,Demolition Expert; Bloody Mess; Covert Operative; Stabilized; Ordnance Express; Bullet Shield; Grenadier; Gunsmith; One Gun Army; Quick Hands,0003F6F8,MissileLauncher,https://fallout.fandom.com/wiki/Missile_launcher_(Fallout_76)
Thirst Zapper,Ranged,,1 / 5 / 10 / 20 / 30 / 40 / 50,Bloody MessDemolition Expert,,Bloody Mess; Demolition Expert; Covert Operative; Grenadier,001128F2,ThirstZapper,https://fallout.fandom.com/wiki/Thirst_Zapper_(Fallout_76)
Acceptable Overkill,Ranged,,45,"Non-auto pistol:Gunslinger(Expert,Master)Auto pistol:Guerrilla(Expert,Master)Bloody Mess",,"Bloody Mess; Covert Operative; Tank Killer; Gunsmith; Quick Hands; Modern Renegade; Tormentor; Expert, Master: Gunslinger, Guerrilla; Pistol: Gun Runner; Rifle: Ground Pounder; pistol only: Packin' Light; scoped only: Sniper; sighted only: Crack Shot, Long Shot",0042B0CF,Survival_LaserGun_AcceptableOverkill,https://fallout.fandom.com/wiki/Acceptable_Overkill
Anchorage Ace,Ranged,,10 / 20 / 30 / 40 / 50,Bloody Mess,,Bloody Mess; Covert Operative; Tank Killer; Arms Keeper; Gunsmith; Ground Pounder; Quick Hands; Tormentor; Long Shot,0010DB0F,10mmSMG,https://fallout.fandom.com/wiki/Anchorage_Ace
Anti-Scorched training pistol,Ranged,,5 / 15 / 25 / 35 / 45,"Guerrilla(Expert,Master)Bloody Mess",,"Bloody Mess; Covert Operative; Tank Killer; Packin' Light; Gun Runner; Modern Renegade; Crack Shot; Expert,Master: Guerrilla",004F496F,MTR05_10mm_ScorchedTrainer,https://fallout.fandom.com/wiki/Anti-Scorched_training_pistol
Boiling Point,Ranged,,30 / 40 / 50,Bloody Mess,,Bloody Mess; Covert Operative; Stabilized; Batteries Included; Bullet Shield; Gunsmith; One Gun Army; Friendly Fire,000E5881,Flamer,https://fallout.fandom.com/wiki/Boiling_Point
Boomstick,Ranged,,20 / 30 / 40 / 50,Demolition ExpertBloody Mess,,Demolition Expert; Bloody Mess; Covert Operative; Stabilized; Ordnance Express; Bullet Shield; Grenadier; Gunsmith; One Gun Army; Quick Hands,0003F6F8,MissileLauncher,https://fallout.fandom.com/wiki/Boomstick
Brotherhood recon rifle,Ranged,,1 / 5 / 10 / 20 / 30 / 40 / 50,Bloody Mess,,Bloody Mess; Covert Operative; Tank Killer; Gunsmith; Ground Pounder; Quick Hands; Tormentor; scoped only: Sniper; sighted only: Long Shot; suppressor only: Mister Sandman,0004F46A,HuntingRifle,https://fallout.fandom.com/wiki/Brotherhood_recon_rifle
Bunker Buster,Ranged,,20 / 30 / 40 / 50,Demolition ExpertBloody Mess,,Demolition Expert; Bloody Mess; Covert Operative; Stabilized; Ordnance Express; Bullet Shield; Grenadier; Gunsmith; One Gun Army; Quick Hands,0003F6F8,MissileLaunchermod_Custom_BunkerBuster,https://fallout.fandom.com/wiki/Bunker_Buster_(weapon)
Burning Love,Ranged,,1 / 5 / 10 / 15 / 20 / 25 / 30 / 35 / 40 / 45 / 50,,,,006667CF,E09C_CompoundBow_BurningLove,https://fallout.fandom.com/wiki/Burning_Love
Cauterizer,Ranged,,20 / 30 / 40 / 50,"Slugger(Knee-Capper,Heavy Hitter)Bloody Mess",,"Knee-Capper; Heavy Hitter; Bloody Mess; Ninja; Incisor; Martial Artist; Makeshift Warrior; Martial Artist; Overly Generous; Friendly Fire; Knee-Capper, Heavy Hitter: Slugger",0004DF01,Chainsaw_76,https://fallout.fandom.com/wiki/Cauterizer_(Fallout_76)
Circuit Breaker,Ranged,,10 / 20 / 30 / 40 / 50,"Gunslinger(Expert,Master)Bloody Mess",,"Bloody Mess; Covert Operative; Tank Killer; Packin' Light; Gun Runner; Modern Renegade; Expert, Master: Gunslinger; sighted only: Crack Shot",006D3C69,10mm_CircuitBreaker,https://fallout.fandom.com/wiki/Circuit_Breaker
Civil Unrest,Ranged,,5 / 15 / 25 / 35 / 45,Bloody Mess,,Bloody Mess; Covert Operative; Scattershot; Gunsmith; Enforcer; Scattershot; Skeet Shooter; Quick Hands; suppressor only: Mister Sandman,0012DBB3,PumpActionShotgunmod_Custom_CivilUnrest,https://fallout.fandom.com/wiki/Civil_Unrest
Cold Shoulder,Ranged,,15 / 25 / 35 / 45,Bloody Mess,,Bloody Mess; Covert Operative; Scattershot; Gunsmith; Enforcer; Scattershot; Skeet Shooter; Quick Hands,00690C7E,DoubleBarrelShotgun_ColdShoulder,https://fallout.fandom.com/wiki/Cold_Shoulder
Crowd Control,Ranged,,20 / 30 / 40 / 50,,,,006477EC,E08B_CombatShotgun_CrowdControl,https://fallout.fandom.com/wiki/Crowd_Control
Crushing Blow,Ranged,,45,Demolition ExpertBloody Mess,,Demolition Expert; Bloody Mess; Covert Operative; Stabilized; Ordnance Express; Bullet Shield; Gunsmith; One Gun Army; Quick Hands,00403021,Survival_M79_CrushingBlow,https://fallout.fandom.com/wiki/Crushing_Blow
Daisycutter,Ranged,,25 / 35 / 45,Demolition ExpertBloody Mess,,Demolition Expert; Bloody Mess; Covert Operative; Stabilized; Ordnance Express; Bullet Shield; Grenadier; Gunsmith; One Gun Army; Quick Hands,000BD56F,Fatmanmod_Custom_Daisycutter,https://fallout.fandom.com/wiki/Daisycutter
Doctor's Orders,Ranged,,,,,,006477EE,E08B_HuntingRifle_DoctorsOrders,https://fallout.fandom.com/wiki/Doctor%27s_Orders
Elder's Mark,Ranged,,15 / 25 / 35 / 45,18 / 22 / 25 / 29,,,0015B043,SubmachineGun,https://fallout.fandom.com/wiki/Elder%27s_Mark
Fancy pump action shotgun,Ranged,,5 / 10 / 15 / 20 / 25 / 30 / 35 / 40 / 45 / 50,Bloody Mess,,Bloody Mess; Covert Operative; Scattershot; Gunsmith; Enforcer; Scattershot; Skeet Shooter; Quick Hands; suppressor only: Mister Sandman,005A38DA,MTNL01_PumpActionShotgun_FancyDUPLICATE000,https://fallout.fandom.com/wiki/Fancy_pump_action_shotgun
Fancy single action revolver,Ranged,,10 / 20 / 30 / 40 / 50,"Gunslinger(Expert,Master)Bloody Mess",,"Bloody Mess; Covert Operative; Tank Killer; Packin' Light; Gunsmith; Gun Runner; Modern Renegade; Quick Hands; Crack Shot; Expert, Master: Gunslinger",0034CBD8,MTNL01_SingleActionRevolver_Fancy,https://fallout.fandom.com/wiki/Fancy_single_action_revolver
Final Word,Ranged,,25/35/45,StabilizedBloody Mess,,Stabilized; Bloody Mess; Bullet Shield; One Gun Army,005A21E4,W05_COMP_Beckett_50CalMachineGun_QuestReward,https://fallout.fandom.com/wiki/Final_Word
Flatliner,Ranged,,35 / 45,Bloody MessDemolition Expert,,Bloody Mess; Demolition Expert; Covert Operative; Tank Killer; Arms Keeper; Grenadier; Gunsmith; Ground Pounder; Quick Hands; Tormentor; scoped only: Sniper; sighted only: Long Shot; suppressor only: Mister Sandman,000D1EB0,GaussRifle,https://fallout.fandom.com/wiki/Flatliner
Foundation's Vengeance,Ranged,,,,,,00646880,E08B_Minigun_FoundationsVengeance,https://fallout.fandom.com/wiki/Foundation%27s_Vengeance
Grand Finale,Ranged,,25 / 35 / 45,,,,00668991,E09A_Broadsider_GrandFinale,https://fallout.fandom.com/wiki/Grand_Finale
Gunther's Big Iron,Ranged,,10 / 20 / 30 / 40 / 50,,,,00663505,E09D_SingleActionRevolver_GunthersRevolver,https://fallout.fandom.com/wiki/Gunther%27s_Big_Iron
Holy Fire,Ranged,,30 / 40 / 50,Bloody Mess,,Bloody Mess; Covert Operative; Stabilized; Batteries Included; Bullet Shield; Gunsmith; One Gun Army; Friendly Fire,00693D37,zzz_Moon_Flamer_Weapon_BlueFlamer,https://fallout.fandom.com/wiki/Holy_Fire
Ice Breaker,Ranged,,30 / 40 / 50,Bloody Mess,,Bloody Mess; Covert Operative; Stabilized; Bullet Shield; Gunsmith; One Gun Army; Quick Hands,001109CF,DLC03_HarpoonGun,https://fallout.fandom.com/wiki/Ice_Breaker
Imposter Assaultron head,Ranged,,25 / 35 / 45,"Gunslinger(Expert,Master)Bloody Mess",,"Bloody Mess; Covert Operative; Tank Killer; Packin' Light; Gunsmith; Gun Runner; Modern Renegade; Expert, Master: Gunslinger",00424B66,ATX_AssaultronHeadCharging_Imposter,https://fallout.fandom.com/wiki/Imposter_Assaultron_head
Kingfisher,Ranged,,,175,,,0042B0D0,Survival_HarpoonGun_Kingfisher,https://fallout.fandom.com/wiki/Kingfisher
Lickety-Split,Ranged,,30 / 40 / 50,Bloody Mess,,Bloody Mess; Covert Operative; Tank Killer; Arms Keeper; Grenadier; Gunsmith; Ground Pounder; Quick Hands; Tormentor; scoped only: Sniper; sighted only: Long Shot,000FE268,RailwayRifle,https://fallout.fandom.com/wiki/Lickety-Split
Longshot,Ranged,,1 / 5 / 10 / 20 / 30 / 40 / 50,Bloody Mess,,Bloody Mess; Covert Operative; Tank Killer; Gunsmith; Ground Pounder; Quick Hands; Tormentor; scoped only: Sniper; sighted only: Long Shot; suppressor only: Mister Sandman,0004F46A,HuntingRifle,https://fallout.fandom.com/wiki/Longshot
Love Tap,Ranged,,15 / 25 / 35 / 45,18 / 22 / 25 / 29,,,0066275F,E09C_SubmachineGun_LoveTap,https://fallout.fandom.com/wiki/Love_Tap_(Fallout_76)
Medical Malpractice,Ranged,,45,"Gunslinger(Expert,Master)Bloody Mess",,"Bloody Mess; Covert Operative; Tank Killer; Packin' Light; Gunsmith; Gun Runner; Modern Renegade; Quick Hands; Expert, Master: Gunslinger; scoped only: Sniper; sighted only: Crack Shot",005FE0B8,44_MedicalMalpracticeSurvival_44_MedicalMalpractice,https://fallout.fandom.com/wiki/Medical_Malpractice
Mind Over Matter,Ranged,,15 / 25 / 35 / 45,"Non-auto pistol:Gunslinger(Expert,Master)Auto pistol:Guerrilla(Expert,Master)Bloody Mess",,"Bloody Mess; Covert Operative; Tank Killer; Gunsmith; Quick Hands; Modern Renegade; Tormentor; Expert, Master: Gunslinger, Guerrilla; Pistol: Gun Runner; Rifle: Ground Pounder; pistol only: Packin' Light; scoped only: Sniper; sighted only: Crack Shot, Long Shot",005EA441,PlasmaGun_MindOverMatter,https://fallout.fandom.com/wiki/Mind_Over_Matter
Night Light,Ranged,,40 / 50,Bloody Mess,,Bloody Mess; Covert Operative; Tank Killer; Gunsmith; Grenadier; Ground Pounder; Tormentor; Long Shot,0042B0CD,Survival_LightningGun_NightLight,https://fallout.fandom.com/wiki/Night_Light
Nuka-Launcher,Ranged,,40 / 50,Demolition ExpertBloody Mess,,Demolition Expert; Bloody Mess; Covert Operative; Stabilized; Ordnance Express; Bullet Shield; Gunsmith; One Gun Army; Quick Hands,00682047,SCORE_S11_AutoGrenadeLauncher_NukaLauncher,https://fallout.fandom.com/wiki/Nuka-Launcher
Old Guard's 10mm SMG,Ranged,,10 / 20 / 30 / 40 / 50,Bloody Mess,,Bloody Mess; Covert Operative; Tank Killer; Gunsmith; Ground Pounder; Quick Hands; Tormentor; Long Shot,0059A82F,W05_MQS_203P_10mmSMG,https://fallout.fandom.com/wiki/Old_Guard%27s_10mm_SMG
Overkill,Ranged,,25 / 35 / 45,Demolition ExpertBloody Mess,,Demolition Expert; Bloody Mess; Covert Operative; Stabilized; Ordnance Express; Bullet Shield; Grenadier; Gunsmith; One Gun Army; Quick Hands,,,https://fallout.fandom.com/wiki/Overkill_(Fallout_76)
Perfect Storm,Ranged,,10 / 20 / 30 / 40 / 50,Bloody Mess,,Bloody Mess; Covert Operative; Tank Killer; Gunsmith; Ground Pounder; Quick Hands; Tormentor; Long Shot,00439136,QuestReward_CustomItemName_TW007,https://fallout.fandom.com/wiki/Perfect_Storm
Pirate Punch,Ranged,,10 / 20 / 30 / 40 / 50,"Gunslinger(Expert,Master)Bloody Mess",,"Bloody Mess; Covert Operative; Tank Killer; Packin' Light; Gunsmith; Gun Runner; Modern Renegade; Quick Hands; Crack Shot; Expert, Master: Gunslinger",,,https://fallout.fandom.com/wiki/Pirate_Punch
Polly's Assaultron head,Ranged,,1 / 5 / 10 / 20 / 30 / 40 / 50,"Gunslinger(Expert,Master)Bloody Mess",,"Bloody Mess; Covert Operative; Tank Killer; Packin' Light; Gunsmith; Gun Runner; Modern Renegade; Expert, Master: Gunslinger",0041A39C,W05_MQ_003P_Muscle_PollyAssaultronHead,https://fallout.fandom.com/wiki/Polly%27s_Assaultron_head
Pyrolyzer,Ranged,,30 / 40 / 50,Bloody Mess,,Bloody Mess; Batteries Included; Friendly Fire,000E5881,,https://fallout.fandom.com/wiki/Pyrolyzer
Red Terror,Ranged,,30 / 40 / 50,Bloody Mess,,Bloody Mess; Covert Operative; Stabilized; Bullet Shield; Gunsmith; One Gun Army; Quick Hands,0007CAB1,MG42,https://fallout.fandom.com/wiki/Red_Terror
Resolute Veteran,Ranged,,50,StabilizedBloody Mess,,Stabilized; Bloody Mess; Bullet Shield; One Gun Army,0042B0CC,Survival_GatlingGun_ResoluteVeteran,https://fallout.fandom.com/wiki/Resolute_Veteran
Salt of the Earth,Ranged,,15 / 25 / 35 / 45,Bloody Mess,,Bloody Mess; Covert Operative; Scattershot; Gunsmith; Enforcer; Scattershot; Skeet Shooter; Quick Hands,0042B0D3,Survival_DoubleBarrelShotgun_SaltOfTheEarth,https://fallout.fandom.com/wiki/Salt_of_the_Earth
Shattered Grounds,Ranged,,15 / 25 / 35 / 45,Bloody Mess,,Bloody Mess; Covert Operative; Tank Killer; Arms Keeper; Gunsmith; Ground Pounder; Quick Hands; Tormentor; scoped only: Sniper; sighted only: Long Shot; suppressor only: Mister Sandman,00113854,DLC04_HandMadeGun,https://fallout.fandom.com/wiki/Shattered_Grounds
Slug Buster,Ranged,,15 / 25 / 35 / 45,"Non-auto pistol:Gunslinger(Expert,Master)Auto pistol:Guerrilla(Expert,Master)Bloody Mess",,"Bloody Mess; Covert Operative; Tank Killer; Gunsmith; Quick Hands; Modern Renegade; Tormentor; Expert, Master: Gunslinger, Guerrilla; Pistol: Gun Runner; Rifle: Ground Pounder; pistol only: Packin' Light; scoped only: Sniper; sighted only: Crack Shot, Long Shot",005A366E,W05_MQR_205P_PlasmaGun,https://fallout.fandom.com/wiki/Slug_Buster
Sole Survivor,Ranged,,25 / 35 / 45,Bloody Mess,,Bloody Mess; Covert Operative; Tank Killer; Gunsmith; Ground Pounder; Quick Hands; Tormentor; scoped only: Sniper; sighted only: Long Shot; suppressor only: Mister Sandman,00613851,LeverGun_SoleSurvivorSurvival_LeverGun_SoleSurvivor,https://fallout.fandom.com/wiki/Sole_Survivor_(weapon)
Somerset Special,Ranged,,5 / 15 / 25 / 35 / 45,"Gunslinger(Expert,Master)Bloody Mess",,"Bloody Mess; Covert Operative; Tank Killer; Packin' Light; Gunsmith; Gun Runner; Modern Renegade; Quick Hands; Expert, Master: Gunslinger; scoped: Sniper; sighted: Crack Shot",000CE97D,44mod_Custom_SomersetSpecialSQ_CustomItemMods_RS01B,https://fallout.fandom.com/wiki/Somerset_Special
The Action Hero,Ranged,,25 / 35 / 45,Bloody MessStabilized,,Bloody Mess; Stabilized; Bullet Shield; One Gun Army,00403025,Survival_50CalMachineGun_TheActionHero,https://fallout.fandom.com/wiki/The_Action_Hero
The Fact Finder,Ranged,,5 / 15 / 25 / 35 / 45,"Gunslinger(Expert,Master)Demolition ExpertBloody Mess",,"Demolition Expert; Bloody Mess; Covert Operative; Tank Killer; Packin' Light; Gunsmith; Gun Runner; Modern Renegade; Quick Hands; Expert, Master: Gunslinger; scoped only: Sniper; sighted only: Crack Shot",000CE97D,44(base .44 pistol)mod_Custom_TheFactFinder(The Fact Finder custom mod)if_tmp_TheFactFinder(The Fact Finder instantiation filter),https://fallout.fandom.com/wiki/The_Fact_Finder
The Guarantee,Ranged,,25 / 35 / 45,Demolition ExpertBloody Mess,,Demolition Expert; Bloody Mess; Covert Operative; Stabilized; Ordnance Express; Bullet Shield; Grenadier; Gunsmith; One Gun Army; Quick Hands,00403024,Survival_Fatman_TheGuarantee,https://fallout.fandom.com/wiki/The_Guarantee
The Kabloom,Ranged,,45,Bloody MessDemolition Expert,,Bloody Mess; Demolition Expert; Covert Operative; Scattershot; Gunsmith; Enforcer; Scattershot; Skeet Shooter; Quick Hands,0012DBB3,PumpActionShotgun,https://fallout.fandom.com/wiki/The_Kabloom
The Peacemaker,Ranged,,40/50,Demolition ExpertBloody Mess,,Demolition Expert; Bloody Mess; Covert Operative; Stabilized; Ordnance Express; Bullet Shield; Gunsmith; One Gun Army; Quick Hands,,,https://fallout.fandom.com/wiki/The_Peacemaker
The V.A.T.S. Unknown,Ranged,,20 / 30 / 40 / 50,"Gunslinger(Expert,Master)Bloody Mess",,"Bloody Mess; Covert Operative; Tank Killer; Packin' Light; Gunsmith; Gun Runner; Modern Renegade; Quick Hands; Expert, Master: Gunslinger; scoped only: Sniper; sighted only: Crack Shot",005A21A2,W05_COMP_Astronaut_AlienBlaster_QuestReward,https://fallout.fandom.com/wiki/The_V.A.T.S._Unknown
Ticket to Revenge,Ranged,,30 / 40 / 50,Bloody Mess,,Bloody Mess; Covert Operative; Tank Killer; Arms Keeper; Gunsmith; Ground Pounder; Quick Hands; Tormentor; scoped only: Sniper; sighted only: Long Shot,000FE268,RailwayRifle,https://fallout.fandom.com/wiki/Ticket_to_Revenge
V63-BERTHA,Ranged,,40 / 50,Bloody Mess,,Bloody Mess; Covert Operative; Tank Killer; Arms Keeper; Gunsmith; Grenadier; Ground Pounder; Tormentor; Long Shot,0010F0EC,DCL01LightningGun,https://fallout.fandom.com/wiki/V63-BERTHA
V63-OLGA,Ranged,,5 / 15 / 25 / 35 / 45,"Bloody MessNon-auto pistol:Gunslinger(Expert,Master)Auto pistol:Guerrilla(Expert,Master)",,"Bloody Mess; Covert Operative; Tank Killer; Gunsmith; Quick Hands; Modern Renegade; Tormentor; Expert, Master: Gunslinger, Guerrilla; Pistol: Gun Runner; Rifle: Ground Pounder; pistol only: Packin' Light; rifle only: Arms Keeper; scoped only: Sniper; sighted only: Crack Shot, Long Shot",0009983B,LaserGun,https://fallout.fandom.com/wiki/V63-OLGA
Valkyrie,Ranged,,25 / 35 / 45,Bloody Mess,,Bloody Mess; Covert Operative; Stabilized; Bullet Shield; Gunsmith; One Gun Army; Quick Hands,000E27BC,GatlingLaser,https://fallout.fandom.com/wiki/Valkyrie
Voice of Set,Ranged,,25 / 35 / 45,"Gunslinger(Expert,Master)Bloody Mess",,"Bloody Mess; Covert Operative; Tank Killer; Packin' Light; Gunsmith; Gun Runner; Modern Renegade; Quick Hands; Crack Shot; Expert, Master: Gunslinger",0039C6C9,MoM_VoiceOfSet_44,https://fallout.fandom.com/wiki/Voice_of_Set
Western Spirit,Ranged,,25 / 35 / 45,? / ? / 94,,,0066957F,E09D_LeverGun_WesternSpirit,https://fallout.fandom.com/wiki/Western_Spirit
Whistle in the Dark,Ranged,,30 / 40 / 50,Bloody Mess,,Bloody Mess; Covert Operative; Tank Killer; Gunsmith; Ground Pounder; Quick Hands; Tormentor; scoped only: Sniper; sighted only: Long Shot; suppressor only: Mister Sandman,005E51E6,AssaultRifle_WhistleInTheDarkSurvival_AssaultRifle_WhistleInTheDark,https://fallout.fandom.com/wiki/Whistle_in_the_Dark
Xerxo's gamma ray gun,Ranged,,15 / 25 / 35 / 45,"Gunslinger(Expert,Master)Bloody Mess",,"Bloody Mess; Covert Operative; Tank Killer; Packin' Light; Grenadier; Gunsmith; Gun Runner; Modern Renegade; Quick Hands; Crack Shot; Expert, Master: Gunslinger",006353D0,SCORE_S7_GammaGun_Xerxos,https://fallout.fandom.com/wiki/Xerxo%27s_gamma_ray_gun
Assaultron blade,Ranged,,25 / 35 / 45,Natural StanceBloody Mess,,Natural Stance; Bloody Mess; Ninja; Incisor; Martial Artist; Makeshift Warrior; Martial Artist; Overly Generous,0010F3F2,DLC01_AssaultronBlade,https://fallout.fandom.com/wiki/Assaultron_blade_(Fallout_76)
Baton,Ranged,,5 / 15 / 25 / 35 / 45,Natural StanceBloody Mess,,Natural Stance; Bloody Mess; Ninja; Incisor; Martial Artist; Makeshift Warrior; Martial Artist; Overly Generous,0008C14D,Baton,https://fallout.fandom.com/wiki/Baton_(Fallout_76)
Bone club,Ranged,,15 / 25 / 35 / 45,Natural StanceBloody Mess,,Natural Stance; Bloody Mess; Ninja; Incisor; Martial Artist; Makeshift Warrior; Martial Artist; Overly Generous,003643DA,BoneClub,https://fallout.fandom.com/wiki/Bone_club
Bowie knife,Ranged,,5 / 15 / 25 / 35 / 45,Natural StanceBloody Mess,,Natural Stance; Bloody Mess; Ninja; Incisor; Martial Artist; Makeshift Warrior; Martial Artist; Overly Generous,000311DE,BowieKnife,https://fallout.fandom.com/wiki/Bowie_knife_(Fallout_76)
Cattleprod,Ranged,,5 / 10 / 15 / 20 / 25 / 30 / 35 / 40 / 45 / 50,Natural StanceBloody Mess,,Natural Stance; Bloody Mess; Ninja; Incisor; Martial Artist; Makeshift Warrior; Martial Artist; Overly Generous,0055C153,Cattleprod,https://fallout.fandom.com/wiki/Cattleprod_(Wastelanders)
Chinese officer sword,Ranged,,5 / 15 / 25 / 35 / 45,Natural StanceBloody Mess,,Natural Stance; Bloody Mess; Ninja; Incisor; Martial Artist; Makeshift Warrior; Martial Artist; Overly Generous,00147BE4,ChineseOfficerSword,https://fallout.fandom.com/wiki/Chinese_officer_sword_(Fallout_76)
Combat knife,Ranged,,1 / 5 / 10 / 20 / 30 / 40 / 50,Natural StanceBloody Mess,,Natural Stance; Bloody Mess; Ninja; Incisor; Martial Artist; Makeshift Warrior; Martial Artist; Overly Generous,000913CA,Knife,https://fallout.fandom.com/wiki/Combat_knife_(Fallout_76)
Commie Whacker,Ranged,,1,Natural StanceBloody Mess,,Natural Stance; Bloody Mess; Ninja; Incisor; Martial Artist; Makeshift Warrior; Martial Artist; Overly Generous,0011475B,DLC04_CommieWhacker,https://fallout.fandom.com/wiki/Commie_Whacker_(Fallout_76)
Cosmic knife,Ranged,,1 / 5 / 10 / 20 / 30 / 40 / 50,35 / 39 / 45 / 57 / 73 / 92 / 117[1]+5% ×STR,,Ninja; Incisor; Martial Artist; Makeshift Warrior; Martial Artist; Overly Generous,000913CA,Knife,https://fallout.fandom.com/wiki/Cosmic_knife_(Fallout_76)
Cultist blade,Ranged,,10 / 20 / 30 / 40 / 50,Natural StanceBloody Mess,,Natural Stance; Bloody Mess; Ninja; Incisor; Martial Artist; Makeshift Warrior; Martial Artist; Overly Generous,0005A937,CultistBlade,https://fallout.fandom.com/wiki/Cultist_blade
Cultist dagger,Ranged,,15 / 25 / 35 / 45,Natural StanceBloody Mess,,Natural Stance; Bloody Mess; Ninja; Incisor; Martial Artist; Makeshift Warrior; Martial Artist; Overly Generous,0008E015,CultistDagger,https://fallout.fandom.com/wiki/Cultist_dagger
Drill,Ranged,,20 / 30 / 40 / 50,Natural StanceBloody Mess,,Natural Stance; Bloody Mess; Ninja; Incisor; Martial Artist; Makeshift Warrior; Martial Artist; Overly Generous,00081DD5,Drill,https://fallout.fandom.com/wiki/Drill
Guitar sword,Ranged,,15 / 25 / 35 / 45,Natural StanceBloody Mess,,Natural Stance; Bloody Mess; Ninja; Incisor; Martial Artist; Makeshift Warrior; Martial Artist; Overly Generous,0000DC56,GuitarSword,https://fallout.fandom.com/wiki/Guitar_sword
Hatchet,Ranged,,1 / 5 / 10 / 20 / 30 / 40 / 50,Natural StanceBloody Mess,,Natural Stance; Bloody Mess; Ninja; Incisor; Martial Artist; Makeshift Warrior; Martial Artist; Overly Generous,0010D808,Hatchet,https://fallout.fandom.com/wiki/Hatchet_(Fallout_76)
Lead pipe,Ranged,,1 / 5 / 10 / 20 / 30 / 40 / 50,Natural StanceBloody Mess,,Natural Stance; Bloody Mess; Ninja; Incisor; Martial Artist; Makeshift Warrior; Martial Artist; Overly Generous,000FC9C3,LeadPipe,https://fallout.fandom.com/wiki/Lead_pipe_(Fallout_76)
Machete,Ranged,,1 / 5 / 10 / 20 / 30 / 40 / 50,Natural Stancebr/>Bloody Mess,,Bloody Mess; Ninja; Incisor; Martial Artist; Makeshift Warrior; Martial Artist; Overly Generous,00033FE0,Machete,https://fallout.fandom.com/wiki/Machete_(Fallout_76)
Meteoritic sword,Ranged,,20 / 25 / 30 / 35 / 40 / 45 / 50,Natural StanceBloody Mess,,Natural Stance; Bloody Mess; Ninja; Incisor; Martial Artist; Makeshift Warrior; Martial Artist; Overly Generous,00111AB6,MTR05_MeteoriteSword,https://fallout.fandom.com/wiki/Meteoritic_sword
Paddle ball,Ranged,,5,1,,,001129CD,DLC04_PaddleBall,https://fallout.fandom.com/wiki/Paddle_ball_(Fallout_76)
Pipe wrench,Ranged,,1 / 5 / 10 / 20 / 30 / 40 / 50,Natural StanceBloody Mess,,Natural Stance; Bloody Mess; Ninja; Incisor; Martial Artist; Makeshift Warrior; Martial Artist; Overly Generous,000D83BF,PipeWrench,https://fallout.fandom.com/wiki/Pipe_wrench_(Fallout_76)
Plasma cutter,Ranged,,30 / 40 / 50,Natural StanceBloody Mess,,Natural Stance; Bloody Mess; Ninja; Incisor; Martial Artist; Makeshift Warrior; Martial Artist; Overly Generous,005E8876,PlasmaSword,https://fallout.fandom.com/wiki/Plasma_cutter
Revolutionary sword,Ranged,,10 / 20 / 30 / 40 / 50,76 / 96 / 123 / 158 / 20167 / 94 / 120 / 147 / 187 per 10s+5% ×STR,,,00143AB5,RevolutionarySword,https://fallout.fandom.com/wiki/Revolutionary_sword_(Fallout_76)
Ripper,Ranged,,40 / 50,Natural StanceBloody Mess,,Natural Stance; Bloody Mess; Ninja; Incisor; Martial Artist; Makeshift Warrior; Martial Artist; Overly Generous,000FA2F6,Ripper,https://fallout.fandom.com/wiki/Ripper_(Fallout_76)
Rolling pin,Ranged,,1 / 5 / 10 / 20 / 30 / 40 / 50,Natural StanceBloody Mess,,Natural Stance; Bloody Mess; Ninja; Incisor; Martial Artist; Makeshift Warrior; Martial Artist; Overly Generous,00142FAB,RollingPin,https://fallout.fandom.com/wiki/Rolling_pin_(Fallout_76)
Sheepsquatch club,Ranged,,10 / 20 / 30 / 40 / 50,Natural StanceBloody Mess,,Natural Stance; Bloody Mess; Ninja; Incisor; Martial Artist; Makeshift Warrior; Martial Artist; Overly Generous,00455839,SheepSquatchClub,https://fallout.fandom.com/wiki/Sheepsquatch_club
Shishkebab,Ranged,,35 / 45,Natural StanceBloody Mess,,Natural Stance; Bloody Mess; Ninja; Incisor; Martial Artist; Makeshift Warrior; Martial Artist; Overly Generous,000FA2FB,Shishkebab,https://fallout.fandom.com/wiki/Shishkebab_(Fallout_76)
Sickle,Ranged,,1 / 5 / 10 / 20 / 30 / 40 / 50,Natural StanceBloody Mess,,Natural Stance; Bloody Mess; Ninja; Incisor; Martial Artist; Makeshift Warrior; Martial Artist; Overly Generous,000B3293,Sickle,https://fallout.fandom.com/wiki/Sickle
Ski sword,Ranged,,15 / 25 / 35 / 45,Natural StanceBloody Mess,,Natural Stance; Bloody Mess; Ninja; Incisor; Martial Artist; Makeshift Warrior; Martial Artist; Overly Generous,000360CF,SkiSword,https://fallout.fandom.com/wiki/Ski_sword
Switchblade,Ranged,,10 / 20 / 30 / 40 / 50,Natural StanceBloody Mess,,Natural Stance; Bloody Mess; Ninja; Incisor; Martial Artist; Makeshift Warrior; Martial Artist; Overly Generous,000FDC81,Switchblade,https://fallout.fandom.com/wiki/Switchblade_(Fallout_76)
Tire iron,Ranged,,1 / 5 / 10 / 20 / 30 / 40 / 50,Natural StanceBloody Mess,,Natural Stance; Bloody Mess; Ninja; Incisor; Martial Artist; Makeshift Warrior; Martial Artist; Overly Generous,00185D25,TireIron,https://fallout.fandom.com/wiki/Tire_iron_(Fallout_76)
Walking cane,Ranged,,1 / 5 / 10 / 20 / 30 / 40 / 50,Natural StanceBloody Mess,,Natural Stance; Bloody Mess; Ninja; Incisor; Martial Artist; Makeshift Warrior; Martial Artist; Overly Generous,000FDC7D,WalkingCane,https://fallout.fandom.com/wiki/Walking_cane_(Fallout_76)
Auto axe,Ranged,,20 / 25 / 30 / 35 / 40 / 45 / 50,"Slugger(Knee-Capper,Heavy Hitter)Bloody Mess",,"Knee-Capper; Heavy Hitter; Bloody Mess; Ninja; Incisor; Martial Artist; Makeshift Warrior; Martial Artist; Overly Generous; Knee-Capper, Heavy Hitter: Slugger",006361A2,AutoAxe,https://fallout.fandom.com/wiki/Auto_axe_(Fallout_76)
Baseball bat,Ranged,,1 / 5 / 15 / 25 / 35 / 45,"Slugger(Knee-Capper,Heavy Hitter)Bloody Mess",,"Knee-Capper; Heavy Hitter; Bloody Mess; Ninja; Incisor; Martial Artist; Makeshift Warrior; Martial Artist; Overly Generous; Knee-Capper, Heavy Hitter: Slugger",0008E736,BaseballBat,https://fallout.fandom.com/wiki/Baseball_bat_(Fallout_76)
Board,Ranged,,1 / 5 / 15 / 25 / 35 / 45,"Slugger(Knee-Capper,Heavy Hitter)Bloody Mess",,"Knee-Capper; Heavy Hitter; Bloody Mess; Ninja; Incisor; Martial Artist; Makeshift Warrior; Martial Artist; Overly Generous; Knee-Capper, Heavy Hitter: Slugger",0005C250,Board,https://fallout.fandom.com/wiki/Board_(Fallout_76)
Bone hammer,Ranged,,15 / 25 / 35 / 45,"Slugger(Knee-Capper,Heavy Hitter)Bloody Mess",,"Knee-Capper; Heavy Hitter; Bloody Mess; Ninja; Incisor; Martial Artist; Makeshift Warrior; Martial Artist; Overly Generous; Knee-Capper, Heavy Hitter: Slugger",003643D9,Bonehammer,https://fallout.fandom.com/wiki/Bone_hammer
Chainsaw,Ranged,,20 / 25 / 30 / 35 / 40 / 45 / 50,"Slugger(Knee-Capper,Heavy Hitter)Bloody Mess",,"Knee-Capper; Heavy Hitter; Bloody Mess; Ninja; Incisor; Martial Artist; Makeshift Warrior; Martial Artist; Overly Generous; Knee-Capper, Heavy Hitter: Slugger",0004DF01,Chainsaw_76,https://fallout.fandom.com/wiki/Chainsaw_(Fallout_76)
Electro enforcer,Ranged,,20 / 30 / 40 / 50,"Slugger(Knee-Capper,Heavy Hitter)Bloody Mess",,"Knee-Capper; Heavy Hitter; Bloody Mess; Ninja; Incisor; Martial Artist; Makeshift Warrior; Martial Artist; Overly Generous; Knee-Capper, Heavy Hitter: Slugger",00630C7D,ElectroEnforcer,https://fallout.fandom.com/wiki/Electro_enforcer
Fire axe,Ranged,,5 / 15 / 25 / 35 / 45,"Slugger(Knee-Capper,|Heavy Hitter)Bloody Mess",,"Knee-Capper; Bloody Mess; Ninja; Incisor; Martial Artist; Makeshift Warrior; Martial Artist; Overly Generous; Knee-Capper, |Heavy Hitter: Slugger",0012B793,Fire_Axe,https://fallout.fandom.com/wiki/Fire_axe_(Fallout_76)
Golf club,Ranged,,1 / 5 / 15 / 25 / 35 / 45,"Slugger(Knee-Capper,Heavy Hitter)Bloody Mess",,"Knee-Capper; Heavy Hitter; Bloody Mess; Ninja; Incisor; Martial Artist; Makeshift Warrior; Martial Artist; Overly Generous; Knee-Capper, Heavy Hitter: Slugger",00073677,GolfClub,https://fallout.fandom.com/wiki/Golf_club
Grognak's axe,Ranged,,30 / 40 / 50,"Slugger(Knee-Capper,Heavy Hitter)Bloody Mess",,"Knee-Capper; Heavy Hitter; Bloody Mess; Ninja; Incisor; Martial Artist; Makeshift Warrior; Martial Artist; Overly Generous; Knee-Capper, Heavy Hitter: Slugger",00183FCD,DN160_GrognakAxe,https://fallout.fandom.com/wiki/Grognak%27s_axe_(Fallout_76)
Gulper Smacker,Ranged,,20 / 30 / 40 / 50,"Slugger(Knee-Capper,Heavy Hitter)Bloody Mess",,"Knee-Capper; Heavy Hitter; Bloody Mess; Ninja; Incisor; Martial Artist; Makeshift Warrior; Martial Artist; Overly Generous; Knee-Capper, Heavy Hitter: Slugger",00633475,E08A_GulperSmacker,https://fallout.fandom.com/wiki/Gulper_Smacker
Mr. Handy buzz blade,Ranged,,15 / 25 / 35 / 45,"Slugger(Knee-Capper,Heavy Hitter)Bloody Mess",,"Knee-Capper; Heavy Hitter; Bloody Mess; Ninja; Incisor; Martial Artist; Makeshift Warrior; Martial Artist; Overly Generous; Knee-Capper, Heavy Hitter: Slugger",0010EC97,DLC01MrHandyBuzzBlade,https://fallout.fandom.com/wiki/Mr._Handy_buzz_blade_(Fallout_76)
Multi-purpose axe,Ranged,,1 / 5 / 15 / 25 / 35 / 45,"Slugger(Knee-Capper,Heavy Hitter)Bloody Mess",,"Knee-Capper; Heavy Hitter; Bloody Mess; Ninja; Incisor; Martial Artist; Makeshift Warrior; Martial Artist; Overly Generous; Knee-Capper, Heavy Hitter: Slugger",002A0405,WoodCuttingAxe,https://fallout.fandom.com/wiki/Multi-purpose_axe
Pickaxe,Ranged,,5 / 15 / 25 / 35 / 45,"Slugger(Knee-Capper,Heavy Hitter)Bloody Mess",,"Knee-Capper; Heavy Hitter; Bloody Mess; Ninja; Incisor; Martial Artist; Makeshift Warrior; Martial Artist; Overly Generous; Knee-Capper, Heavy Hitter: Slugger",00002840,Pickaxe,https://fallout.fandom.com/wiki/Pickaxe_(Fallout_76)
Pitchfork,Ranged,,1 / 5 / 15 / 25 / 35 / 45,"Slugger(Knee-Capper,Heavy Hitter)Bloody Mess",,"Knee-Capper; Heavy Hitter; Bloody Mess; Ninja; Incisor; Martial Artist; Makeshift Warrior; Martial Artist; Overly Generous; Knee-Capper, Heavy Hitter: Slugger",0003A1D1,Pitchfork,https://fallout.fandom.com/wiki/Pitchfork
Pole hook,Ranged,,10 / 20 / 30 / 40 / 50,"Slugger(Knee-Capper,Heavy Hitter)Bloody Mess",,"Knee-Capper; Heavy Hitter; Bloody Mess; Ninja; Incisor; Martial Artist; Makeshift Warrior; Martial Artist; Overly Generous; Knee-Capper, Heavy Hitter: Slugger",00110771,DLC03_PoleHook,https://fallout.fandom.com/wiki/Pole_hook_(Fallout_76)
Pool cue,Ranged,,1 / 5 / 15 / 25 / 35 / 45,"Slugger(Knee-Capper,Heavy Hitter)Bloody Mess",,"Knee-Capper; Heavy Hitter; Bloody Mess; Ninja; Incisor; Martial Artist; Makeshift Warrior; Martial Artist; Overly Generous; Knee-Capper, Heavy Hitter: Slugger",000FA3E8,PoolCue,https://fallout.fandom.com/wiki/Pool_cue_(Fallout_76)
Protest sign,Ranged,,1,"Slugger(Knee-Capper,Heavy Hitter)Bloody Mess",,"Knee-Capper; Heavy Hitter; Bloody Mess; Ninja; Incisor; Martial Artist; Makeshift Warrior; Martial Artist; Overly Generous; Knee-Capper, Heavy Hitter: Slugger",002D481E,ProtestSign01ProtestSign02ProtestSign03ProtestSign04ProtestSign05ProtestSign06ProtestSign07ProtestSign08ProtestSign09ProtestSign10,https://fallout.fandom.com/wiki/Protest_sign
Sheepsquatch staff,Ranged,,10 / 20 / 30 / 40 / 50,"Slugger(Knee-Capper,Heavy Hitter)Bloody Mess",,"Knee-Capper; Heavy Hitter; Bloody Mess; Ninja; Incisor; Martial Artist; Makeshift Warrior; Martial Artist; Overly Generous; Knee-Capper, Heavy Hitter: Slugger",00455847,SheepsquatchStaff,https://fallout.fandom.com/wiki/Sheepsquatch_staff
Shepherd's crook,Ranged,,10 / 20 / 30 / 40 / 50,"Slugger(Knee-Capper,Heavy Hitter)Bloody Mess",,"Knee-Capper; Heavy Hitter; Bloody Mess; Ninja; Incisor; Martial Artist; Makeshift Warrior; Martial Artist; Overly Generous; Knee-Capper, Heavy Hitter: Slugger",0045582B,ShepherdsCrook,https://fallout.fandom.com/wiki/Shepherd%27s_crook
Shovel,Ranged,,1 / 5 / 15 / 25 / 35 / 45,"Slugger(Knee-Capper,Heavy Hitter)Bloody Mess",,"Knee-Capper; Heavy Hitter; Bloody Mess; Ninja; Incisor; Martial Artist; Makeshift Warrior; Martial Artist; Overly Generous; Knee-Capper, Heavy Hitter: Slugger",004E2E20,Shovel,https://fallout.fandom.com/wiki/Shovel_(Fallout_76)
Sledgehammer,Ranged,,10 / 20 / 30 / 40 / 50,"Slugger(Knee-Capper,Heavy Hitter)Bloody Mess",,"Knee-Capper; Heavy Hitter; Bloody Mess; Ninja; Incisor; Martial Artist; Makeshift Warrior; Martial Artist; Overly Generous; Knee-Capper, Heavy Hitter: Slugger",000E7AB9,SledgehammerW05_MQ_004P_Sledgehammer,https://fallout.fandom.com/wiki/Sledgehammer_(Fallout_76)
Spear,Ranged,,15 / 25 / 35 / 45,"Slugger(Knee-Capper,Heavy Hitter)Bloody Mess",,"Knee-Capper; Heavy Hitter; Bloody Mess; Ninja; Incisor; Martial Artist; Makeshift Warrior; Martial Artist; Overly Generous; Knee-Capper, Heavy Hitter: Slugger",002D473A,Spear,https://fallout.fandom.com/wiki/Spear_(Fallout_76)
Super sledge,Ranged,,30 / 40 / 50,"Slugger(Knee-Capper,Heavy Hitter)Bloody Mess",,"Knee-Capper; Heavy Hitter; Bloody Mess; Ninja; Incisor; Martial Artist; Makeshift Warrior; Martial Artist; Overly Generous; Knee-Capper, Heavy Hitter: Slugger",000FF964,SuperSledge,https://fallout.fandom.com/wiki/Super_sledge_(Fallout_76)
The Tenderizer,Ranged,,50,"Slugger(Knee-Capper,Heavy Hitter)Bloody Mess",,"Knee-Capper; Heavy Hitter; Bloody Mess; Ninja; Incisor; Martial Artist; Makeshift Warrior; Martial Artist; Overly Generous; Knee-Capper, Heavy Hitter: Slugger",00553295,MeatTenderizer,https://fallout.fandom.com/wiki/The_Tenderizer_(Fallout_76)
Ultracite Terror sword,Ranged,,50,"Slugger(Knee-Capper,Heavy Hitter)Bloody Mess",,"Knee-Capper; Heavy Hitter; Bloody Mess; Ninja; Incisor; Martial Artist; Makeshift Warrior; Martial Artist; Overly Generous; Knee-Capper, Heavy Hitter: Slugger",00792EAE,RD01_UltraciteTerrorSword,https://fallout.fandom.com/wiki/Ultracite_Terror_sword
War drum,Ranged,,15 / 25 / 35 / 45,"Slugger(Knee-Capper,heavy Hitter)Bloody Mess",,"Knee-Capper; Bloody Mess; Ninja; Incisor; Martial Artist; Makeshift Warrior; Martial Artist; Overly Generous; Knee-Capper, heavy Hitter: Slugger",0000DC57,WarDrum,https://fallout.fandom.com/wiki/War_drum
War glaive,Ranged,,30 / 40 /50,"Slugger(Knee-Capper,Heavy Hitter)Bloody Mess",,"Knee-Capper; Heavy Hitter; Bloody Mess; Ninja; Incisor; Martial Artist; Makeshift Warrior; Martial Artist; Overly Generous; Knee-Capper, Heavy Hitter: Slugger",005D79C7,WarGlaive,https://fallout.fandom.com/wiki/War_glaive
Bear Arm,Ranged,,20 / 30 / 40 / 50,Iron Fist·Bloody Mess,,Iron Fist; Bloody Mess; Covert Operative; Ninja; Incisor; Martial Artist; Makeshift Warrior; Martial Artist; Overly Generous,003F06E2,BearArm,https://fallout.fandom.com/wiki/Bear_Arm
Boxing glove,Ranged,,5 / 15 / 25 / 35 / 45,Iron Fist·Bloody Mess,,Iron Fist; Bloody Mess; Covert Operative; Ninja; Incisor; Martial Artist; Makeshift Warrior; Martial Artist; Overly Generous,0016498F,BoxingGlove,https://fallout.fandom.com/wiki/Boxing_glove_(Fallout_76)
Death tambo,Ranged,,15 / 25 / 35 / 45,Iron Fist·Bloody Mess,,Iron Fist; Bloody Mess; Covert Operative; Ninja; Incisor; Martial Artist; Makeshift Warrior; Martial Artist; Overly Generous,0000DC55,DeathTambo,https://fallout.fandom.com/wiki/Death_tambo
Deathclaw gauntlet,Ranged,,30 / 40 / 50,Iron Fist·Bloody Mess,,Iron Fist; Bloody Mess; Covert Operative; Ninja; Incisor; Martial Artist; Makeshift Warrior; Martial Artist; Overly Generous,000D8576,DeathclawGauntlet,https://fallout.fandom.com/wiki/Deathclaw_gauntlet_(Fallout_76)
Gauntlet,Ranged,,40 / 50,Iron Fist·Bloody Mess,,Iron Fist; Bloody Mess; Covert Operative; Ninja; Incisor; Martial Artist; Makeshift Warrior; Martial Artist; Overly Generous,0055C156,Gauntlet,https://fallout.fandom.com/wiki/Gauntlet_(Fallout_76)
Knuckles,Ranged,,1 / 5 / 10 / 20 / 30 / 40 / 50,Iron Fist·Bloody Mess,,Iron Fist; Bloody Mess; Covert Operative; Ninja; Incisor; Martial Artist; Makeshift Warrior; Martial Artist; Overly Generous,0005524B,Knuckles,https://fallout.fandom.com/wiki/Knuckles_(Fallout_76)
Meat hook,Ranged,,5 / 15 / 25 / 35 / 45,Natural StanceIron Fist·Bloody Mess,,Natural Stance; Iron Fist; Bloody Mess; Covert Operative; Ninja; Incisor; Martial Artist; Makeshift Warrior; Martial Artist; Overly Generous,00111562,DLC03_MeatHook,https://fallout.fandom.com/wiki/Meat_hook_(Fallout_76)
Mole miner gauntlet,Ranged,,20 / 30 / 40 / 50,Iron Fist·Bloody Mess,,Iron Fist; Bloody Mess; Covert Operative; Ninja; Incisor; Martial Artist; Makeshift Warrior; Martial Artist; Overly Generous,00012E73,MoleMinerGauntlet,https://fallout.fandom.com/wiki/Mole_miner_gauntlet
Power fist,Ranged,,30 / 40 / 50,Iron Fist·Bloody Mess,,Iron Fist; Bloody Mess; Ninja; Incisor; Martial Artist; Makeshift Warrior; Martial Artist; Overly Generous,0011B336,PowerFist,https://fallout.fandom.com/wiki/Power_fist_(Fallout_76)
All Rise,Ranged,,30 / 40 / 50,"Slugger(Knee-Capper,Heavy Hitter)Bloody Mess",,"Knee-Capper; Heavy Hitter; Bloody Mess; Ninja; Incisor; Martial Artist; Makeshift Warrior; Martial Artist; Overly Generous; Knee-Capper, Heavy Hitter: Slugger",000FF964,SuperSledgemod_Custom_AllRise,https://fallout.fandom.com/wiki/All_Rise
Black Diamond,Ranged,,15 / 25 / 35 / 45,Natural StanceBloody Mess,,Natural Stance; Bloody Mess; Ninja; Incisor; Martial Artist; Makeshift Warrior; Martial Artist; Overly Generous,000360CF,SkiSword,https://fallout.fandom.com/wiki/Black_Diamond
Blade of Bastet,Ranged,,25 / 35 / 45,Natural StanceBloody Mess,,Natural Stance; Bloody Mess; Ninja; Incisor; Martial Artist; Makeshift Warrior; Martial Artist; Overly Generous,0039C6C8,MoM_BladeOfBastet,https://fallout.fandom.com/wiki/Blade_of_Bastet
Blue Ridge branding iron,Ranged,,35/45,Natural StanceBloody Mess,,Natural Stance; Bloody Mess; Ninja; Incisor; Martial Artist; Makeshift Warrior; Martial Artist; Overly Generous,00691D4E,,https://fallout.fandom.com/wiki/Blue_Ridge_branding_iron
Camden Whacker,Ranged,,1,Natural StanceBloody Mess,,Natural Stance; Bloody Mess; Ninja; Incisor; Martial Artist; Makeshift Warrior; Martial Artist; Overly Generous,002BA1D9,CamdenWhackerWeapon,https://fallout.fandom.com/wiki/Camden_Whacker
Commander's Charge,Ranged,,50,4620,,,0042B0D4,Survival_RevolutionarySword_CommandersCharge,https://fallout.fandom.com/wiki/Commander%27s_Charge
Cryptid jawbone knife,Ranged,,1 / 5 / 10 / 20 / 30 / 40 / 50,Natural StanceBloody Mess,,Natural Stance; Bloody Mess; Ninja; Incisor; Martial Artist; Makeshift Warrior; Martial Artist; Overly Generous,000913CA,Knife,https://fallout.fandom.com/wiki/Cryptid_jawbone_knife
Cultist Piercer,Ranged,,5 / 15 / 25 / 35 / 45,"Slugger(Knee-Capper,Heavy Hitter)Bloody Mess",,"Knee-Capper; Heavy Hitter; Bloody Mess; Ninja; Incisor; Martial Artist; Makeshift Warrior; Martial Artist; Overly Generous; Knee-Capper, Heavy Hitter: Slugger",00002840,Pickaxe,https://fallout.fandom.com/wiki/Cultist_Piercer
Disorderly Conduct,Ranged,,45,Natural StanceBloody Mess,,Natural Stance; Bloody Mess; Ninja; Incisor; Martial Artist; Makeshift Warrior; Martial Artist; Overly Generous,0042B0CB,Survival_Baton_DisorderlyConduct,https://fallout.fandom.com/wiki/Disorderly_Conduct
Drill Fist,Ranged,,40 / 50,Iron Fist·Bloody Mess,,Iron Fist; Bloody Mess; Friendly Fire; Covert Operative; Ninja; Incisor; Martial Artist; Makeshift Warrior; Martial Artist; Overly Generous,0055C156,Gauntlet,https://fallout.fandom.com/wiki/Drill_Fist
Face Breaker,Ranged,,30 / 40 / 50,Iron Fist·Bloody Mess,,Iron Fist; Bloody Mess; Covert Operative; Ninja; Incisor; Martial Artist; Makeshift Warrior; Martial Artist; Overly Generous,0060A29C,FaceBreaker,https://fallout.fandom.com/wiki/Face_Breaker
Grant's saber,Ranged,,1 / 5 / 10 / 15 / 20 / 25 / 30 / 35 / 40 / 45 / 50,Natural StanceBloody Mess,,Natural Stance; Bloody Mess; Ninja; Incisor; Martial Artist; Makeshift Warrior; Martial Artist; Overly Generous,00357FBD,MoM02B_HistoricSword,https://fallout.fandom.com/wiki/Grant%27s_saber
Head Hunter Scythe,Ranged,,5 / 15 / 25 / 35 / 45,103 / 132 / 169 / 214 / 273+5% ×STR,,,00002840,Pickaxe,https://fallout.fandom.com/wiki/Head_Hunter_Scythe
Luca's switchblade,Ranged,,50,Natural StanceBloody Mess,,Natural Stance; Bloody Mess; Ninja; Incisor; Martial Artist; Makeshift Warrior; Martial Artist; Overly Generous,00691B69,mod_custom_LucaSwitchblade,https://fallout.fandom.com/wiki/Luca%27s_switchblade
Mechanic's Best Friend,Ranged,,1 / 5 / 10 / 20 / 30 / 40 / 50,Natural StanceBloody Mess,,Natural Stance; Bloody Mess; Ninja; Incisor; Martial Artist; Makeshift Warrior; Martial Artist; Overly Generous,00613852,PipeWrench_MechanicsBestFriendSurvival_PipeWrench_MechanicsBestFriend,https://fallout.fandom.com/wiki/Mechanic%27s_Best_Friend
Molerat Bat,Ranged,,1 / 5 / 15 / 25 / 35 / 45,,,,00668807,E09A_BaseballBat_RatBat,https://fallout.fandom.com/wiki/Molerat_Bat
Nailer,Ranged,,15 / 20 / 25 / 30 / 35 / 40 / 45 / 50,Natural StanceBloody Mess,,Natural Stance; Bloody Mess; Ninja; Incisor; Martial Artist; Makeshift Warrior; Martial Artist; Overly Generous,00342521,MTNS04_NailerSword,https://fallout.fandom.com/wiki/Nailer
Oathbreaker,Ranged,,30 / 40 / 50,"Slugger(Knee-Capper,Heavy Hitter)Bloody Mess",,"Knee-Capper; Heavy Hitter; Bloody Mess; Ninja; Incisor; Martial Artist; Makeshift Warrior; Martial Artist; Overly Generous; Knee-Capper, Heavy Hitter: Slugger",005E897C,WarGlaive_Oathbreaker,https://fallout.fandom.com/wiki/Oathbreaker
The Debilitator,Ranged,,40 / 50,"Slugger(Knee-Capper,Heavy Hitter)Bloody Mess",,"Knee-Capper; Heavy Hitter; Bloody Mess; Ninja; Incisor; Martial Artist; Makeshift Warrior; Martial Artist; Overly Generous; Knee-Capper, Heavy Hitter: Slugger",006477ED,E08B_SuperSledge_TheDebilitator,https://fallout.fandom.com/wiki/The_Debilitator
The Farmhand,Ranged,,30 / 40 / 50,"Slugger(Knee-Capper,Heavy Hitter)Bloody Mess",,"Knee-Capper; Heavy Hitter; Bloody Mess; Ninja; Incisor; Martial Artist; Makeshift Warrior; Martial Artist; Overly Generous; Knee-Capper, Heavy Hitter: Slugger",005EA440,SuperSledge_TheFarmhand,https://fallout.fandom.com/wiki/The_Farmhand
The Gutter,Ranged,,25 / 35 / 45,Natural StanceBloody Mess,,Natural Stance; Bloody Mess; Ninja; Incisor; Martial Artist; Makeshift Warrior; Martial Artist; Overly Generous,003F5E94,P01B_Burrows_Assaultron_Blade (Waste Management)DLC01_AssaultronBlade_TheGutter (Daily Ops),https://fallout.fandom.com/wiki/The_Gutter
The Invader,Ranged,,1 / 5 / 10 / 20 / 30 / 40 / 50,Natural StanceBloody Mess,,Natural Stance; Bloody Mess; Ninja; Incisor; Martial Artist; Makeshift Warrior; Martial Artist; Overly Generous,00559C99,atx_alienprobe,https://fallout.fandom.com/wiki/The_Invader
The Quick Fix,Ranged,,50,Natural StanceBloody Mess,,Natural Stance; Bloody Mess; Ninja; Incisor; Martial Artist; Makeshift Warrior; Martial Artist; Overly Generous,00403026,Survival_Switchblade_TheQuickFix,https://fallout.fandom.com/wiki/The_Quick_Fix
Tone Death,Ranged,,45,Iron Fist·Bloody Mess,,Iron Fist; Bloody Mess; Covert Operative; Ninja; Incisor; Martial Artist; Makeshift Warrior; Martial Artist; Overly Generous,,,https://fallout.fandom.com/wiki/Tone_Death
Unstoppable Monster,Ranged,,50,Iron Fist·Bloody Mess,,Iron Fist; Bloody Mess; Covert Operative; Ninja; Incisor; Martial Artist; Makeshift Warrior; Martial Artist; Overly Generous,005FCE8C,DeathclawGauntlet_UnstoppableMonsterSurvival_DeathclawGauntlet_UnstoppableMonster,https://fallout.fandom.com/wiki/Unstoppable_Monster
V63 Shock Baton,Ranged,,5 / 15 / 25 / 35 / 45,Natural StanceBloody Mess,,Natural Stance; Bloody Mess; Ninja; Incisor; Martial Artist; Makeshift Warrior; Martial Artist; Overly Generous,0008C14D,Baton,https://fallout.fandom.com/wiki/V63_Shock_Baton
V63 Zweihaender,Ranged,,30 / 40 / 50,"Slugger(Knee-Capper,Heavy Hitter)Bloody Mess",,"Knee-Capper; Heavy Hitter; Bloody Mess; Ninja; Incisor; Martial Artist; Makeshift Warrior; Martial Artist; Overly Generous; Knee-Capper, Heavy Hitter: Slugger",0072DF0B,Stormcutter,https://fallout.fandom.com/wiki/V63_Zweihaender
Whacker Smacker,Ranged,,30 / 40 / 50,"Slugger(Knee-Capper,Heavy Hitter)Bloody Mess",,"Knee-Capper; Heavy Hitter; Bloody Mess; Ninja; Incisor; Martial Artist; Makeshift Warrior; Martial Artist; Overly Generous; Knee-Capper, Heavy Hitter: Slugger",00662761,E09B_SuperSledge_WhackerSmacker,https://fallout.fandom.com/wiki/Whacker_Smacker
Artillery smoke grenade,Ranged,,,,,,0012E2CA,WorkshopArtillerySmokeFlare,https://fallout.fandom.com/wiki/Artillery_smoke_grenade_(Fallout_76)
Baseball grenade,Ranged,,,175,,,00107BD6,BaseballGrenade,https://fallout.fandom.com/wiki/Baseball_grenade_(Fallout_76)
Bug grenade,Ranged,,,Demolition ExpertBloody Mess,,Demolition Expert; Bloody Mess; Ordnance Express; Strong Arm,003FBBA1,D01C_BugGrenade,https://fallout.fandom.com/wiki/Bug_grenade
Cryogenic grenade,Ranged,,,100,,,000FF21D,CryoGrenade,https://fallout.fandom.com/wiki/Cryogenic_grenade_(Fallout_76)
Dross,Ranged,,,5,,,0031FAEA,MTR04_DrossThrownItem,https://fallout.fandom.com/wiki/Dross
Dynamite,Ranged,,,Demolition ExpertBloody Mess,,Demolition Expert; Bloody Mess; Grenadier; Ordnance Express,0055C159,DynamiteGrenade,https://fallout.fandom.com/wiki/Dynamite_(Wastelanders)
Dynamite bundle,Ranged,,,Demolition ExpertBloody Mess,,Demolition Expert; Bloody Mess; Grenadier; Ordnance Express,0055C15A,DynamiteBundleGrenade,https://fallout.fandom.com/wiki/Dynamite_bundle
Explosive bait,Ranged,,,200,,Ordnance Express,00450366,MTNM01_BaitMine_Grenade,https://fallout.fandom.com/wiki/Explosive_bait
Flare,Ranged,,,0,,,0055C157,FlareGrenade,https://fallout.fandom.com/wiki/Flare_(Wastelanders)
Floater flamer grenade,Ranged,,,12550 (4s),,Grenadier,00592EA7,FloaterFlamerGrenade,https://fallout.fandom.com/wiki/Floater_flamer_grenade
Floater freezer grenade,Ranged,,,100,,Grenadier,00592EAB,FloaterFreezerGrenade,https://fallout.fandom.com/wiki/Floater_freezer_grenade
Floater gnasher grenade,Ranged,,,8040 (8s),,Grenadier,00592EA9,FloaterGnasherGrenade,https://fallout.fandom.com/wiki/Floater_gnasher_grenade
Fragmentation grenade,Ranged,,,150,,,000EEBED,fragGrenade,https://fallout.fandom.com/wiki/Fragmentation_grenade_(Fallout_76)
Fragmentation grenade MIRV,Ranged,,,100,,,00113849,DLC04_FragGrenadeMIRV,https://fallout.fandom.com/wiki/Fragmentation_grenade_MIRV_(Fallout_76)
HalluciGen gas grenade,Ranged,,,Demolition Expert,,Demolition Expert; Grenadier; Ordnance Express,000E98E5,HalluciGenGrenade,https://fallout.fandom.com/wiki/HalluciGen_gas_grenade_(Fallout_76)
Molotov cocktail,Ranged,,,508,,,0010C3C6,MolotovCocktail,https://fallout.fandom.com/wiki/Molotov_cocktail_(Fallout_76)
Nuka grenade,Ranged,,,250,,,000E5750,nukaGrenade,https://fallout.fandom.com/wiki/Nuka_grenade_(Fallout_76)
Nuka Quantum grenade,Ranged,,,300,,,00113D0F,DLC04_NukaQuantumGrenade,https://fallout.fandom.com/wiki/Nuka_Quantum_grenade_(Fallout_76)
Orbital scan beacon,Ranged,,,1,,,00052213,EN02_ScanGrenade,https://fallout.fandom.com/wiki/Orbital_scan_beacon
Orbital strike beacon,Ranged,,,1,,,0029CC0F,EN02_OrbitalStrikeGrenade,https://fallout.fandom.com/wiki/Orbital_strike_beacon
Plasma grenade,Ranged,,,Demolition Expert,,Demolition Expert; Strong Arm; Grenadier; Ordnance Express,0010A33D,,https://fallout.fandom.com/wiki/Plasma_grenade_(Fallout_76)
Pulse grenade,Ranged,,,175 (normal)175 (electric),,,000FF21F,PulseGrenade,https://fallout.fandom.com/wiki/Pulse_grenade_(Fallout_76)
Pumpkin grenade,Ranged,,,Demolition ExpertBloody MessDetonation Contagion,,Demolition Expert; Bloody Mess; Ordnance Express; Strong Arm,00045884,Grenade_Pumpkin,https://fallout.fandom.com/wiki/Pumpkin_grenade
Trail fireworks,Ranged,,,0,,,005566D6,ATX_Firework_Mine_Trails,https://fallout.fandom.com/wiki/Trail_fireworks
Turbo-Fert fertilizer,Ranged,,,0,,,00592F7A,W05_TurboFertFertilizer,https://fallout.fandom.com/wiki/Turbo-Fert_fertilizer
Vertibot signal grenade,Ranged,,,1,,,0004DFE3,WorkshopVertibirdGrenad,https://fallout.fandom.com/wiki/Vertibot_signal_grenade
Blast mine,Ranged,,,Demolition ExpertBloody Mess,,Demolition Expert; Bloody Mess; Ordnance Express,003B2626,SFZ14_Bomb_BlastMine,https://fallout.fandom.com/wiki/Blast_mine
Bottlecap mine,Ranged,,,,,,0010771F,zzz_BottlecapMine,https://fallout.fandom.com/wiki/Bottlecap_mine_(Fallout_76)
Cryo mine,Ranged,,,Demolition ExpertBloody Mess,,Demolition Expert; Bloody Mess; Ordnance Express,0010C669,CryoMine,https://fallout.fandom.com/wiki/Cryo_mine_(Fallout_76)
Fragmentation mine,Ranged,,,Demolition ExpertBloody Mess,,Demolition Expert; Bloody Mess; Ordnance Express,000E56C2,FragMine,https://fallout.fandom.com/wiki/Fragmentation_mine_(Fallout_76)
Nuke mine,Ranged,,,Demolition ExpertBloody Mess,,Demolition Expert; Bloody Mess; Ordnance Express,0010A340,NukeMine,https://fallout.fandom.com/wiki/Nuke_mine_(Fallout_76)
Plasma mine,Ranged,,,Demolition ExpertBloody Mess,,Demolition Expert; Bloody Mess; Ordnance Express,0010A344,PlasmaMine,https://fallout.fandom.com/wiki/Plasma_mine_(Fallout_76)
Pulse mine,Ranged,,,Demolition ExpertBloody Mess,,Demolition Expert; Bloody Mess; Ordnance Express,0010A344,PulseMine,https://fallout.fandom.com/wiki/Pulse_mine_(Fallout_76)
Fireworks mine,Ranged,,,0,,,005566DE,Firework_Mine_RedFirework_Mine_BlueATX_Firework_Mine_CrackleFirework_Mine_GreenATX_Firework_Mine_Trails,https://fallout.fandom.com/wiki/Red_fireworks_mine
Meat cleaver,Ranged,,,Legendary weapon effectsBloody Mess,,Bloody Mess; Martial Artist; Strong Arm,005532B4,MeatCleaver,https://fallout.fandom.com/wiki/Meat_cleaver
Sheepsquatch shard,Ranged,,,753,,,0045FF61,SheepsquatchShard,https://fallout.fandom.com/wiki/Sheepsquatch_shard
Throwing knife,Ranged,,,75,,,003879A3,Throwing_Knife,https://fallout.fandom.com/wiki/Throwing_knife_(Fallout_76)
Tomahawk,Ranged,,,100,,,000042F2,Tomahawk,https://fallout.fandom.com/wiki/Tomahawk_(Fallout_76)
Binoculars,Ranged,,1,8,,,00002045,binoculars,https://fallout.fandom.com/wiki/Binoculars_(Fallout_76)
Pearly Peepers,Ranged,,,,,,003F7F81,P01B_Mini_Robot01_Binoculars,https://fallout.fandom.com/wiki/Pearly_Peepers
ProSnap Deluxe camera,Ranged,,,,,,0046F481,Camera_SnapMatic,https://fallout.fandom.com/wiki/ProSnap_Deluxe_camera
