Name,Class,Slot,Armor Type,Damage Resistance,Energy Resistance,Radiation Resistance,Cryo Resistance,Fire Resistance,Poison Resistance,Set Name,Level,Source URL
Arctic marine armor left arm,Sturdy,Left Arm,regular,27,16,,8,,,Arctic marine armor,50,https://fallout.fandom.com/wiki/Arctic_marine_armor
Arctic marine armor right arm,Sturdy,Right Arm,regular,27,16,,8,,,Arctic marine armor,50,https://fallout.fandom.com/wiki/Arctic_marine_armor
Arctic marine armor left leg,Sturdy,Left Leg,regular,27,16,,8,,,Arctic marine armor,50,https://fallout.fandom.com/wiki/Arctic_marine_armor
Arctic marine armor right leg,Sturdy,Right Leg,regular,27,16,,8,,,Arctic marine armor,50,https://fallout.fandom.com/wiki/Arctic_marine_armor
Arctic marine armor chest,Sturdy,Chest,regular,67,40,35,20,,,Arctic marine armor,50,https://fallout.fandom.com/wiki/Arctic_marine_armor
Arctic marine armor left arm,Sturdy,Left Arm,regular,27,16,,8,,,Arctic marine armor,45,https://fallout.fandom.com/wiki/Arctic_marine_armor
Arctic marine armor right arm,Sturdy,Right Arm,regular,27,16,,8,,,Arctic marine armor,45,https://fallout.fandom.com/wiki/Arctic_marine_armor
Arctic marine armor left leg,Sturdy,Left Leg,regular,27,16,,8,,,Arctic marine armor,45,https://fallout.fandom.com/wiki/Arctic_marine_armor
Arctic marine armor right leg,Sturdy,Right Leg,regular,27,16,,8,,,Arctic marine armor,45,https://fallout.fandom.com/wiki/Arctic_marine_armor
Arctic marine armor chest,Sturdy,Chest,regular,63,37,32,18,,,Arctic marine armor,45,https://fallout.fandom.com/wiki/Arctic_marine_armor
Arctic marine armor left arm,Sturdy,Left Arm,regular,22,13,,7,,,Arctic marine armor,35,https://fallout.fandom.com/wiki/Arctic_marine_armor
Arctic marine armor right arm,Sturdy,Right Arm,regular,22,13,,7,,,Arctic marine armor,35,https://fallout.fandom.com/wiki/Arctic_marine_armor
Arctic marine armor left leg,Sturdy,Left Leg,regular,22,13,,7,,,Arctic marine armor,35,https://fallout.fandom.com/wiki/Arctic_marine_armor
Arctic marine armor right leg,Sturdy,Right Leg,regular,22,13,,7,,,Arctic marine armor,35,https://fallout.fandom.com/wiki/Arctic_marine_armor
Arctic marine armor chest,Sturdy,Chest,regular,54,32,28,16,,,Arctic marine armor,35,https://fallout.fandom.com/wiki/Arctic_marine_armor
botsmith armor left arm,Heavy,Left Arm,regular,40,20,20,,,,botsmith armor,50,https://fallout.fandom.com/wiki/Botsmith_armor
botsmith armor right arm,Heavy,Right Arm,regular,40,20,20,,,,botsmith armor,50,https://fallout.fandom.com/wiki/Botsmith_armor
botsmith armor left leg,Heavy,Left Leg,regular,40,20,20,,,,botsmith armor,50,https://fallout.fandom.com/wiki/Botsmith_armor
botsmith armor right leg,Heavy,Right Leg,regular,40,20,20,,,,botsmith armor,50,https://fallout.fandom.com/wiki/Botsmith_armor
botsmith armor chest,Heavy,Chest,regular,75,30,30,,,,botsmith armor,50,https://fallout.fandom.com/wiki/Botsmith_armor
botsmith armor left arm,Heavy,Left Arm,regular,30,14,14,,,,botsmith armor,40,https://fallout.fandom.com/wiki/Botsmith_armor
botsmith armor right arm,Heavy,Right Arm,regular,30,14,14,,,,botsmith armor,40,https://fallout.fandom.com/wiki/Botsmith_armor
botsmith armor left leg,Heavy,Left Leg,regular,30,14,14,,,,botsmith armor,40,https://fallout.fandom.com/wiki/Botsmith_armor
botsmith armor right leg,Heavy,Right Leg,regular,30,14,14,,,,botsmith armor,40,https://fallout.fandom.com/wiki/Botsmith_armor
botsmith armor chest,Heavy,Chest,regular,65,24,24,,,,botsmith armor,40,https://fallout.fandom.com/wiki/Botsmith_armor
botsmith armor left arm,Heavy,Left Arm,regular,20,8,8,,,,botsmith armor,30,https://fallout.fandom.com/wiki/Botsmith_armor
botsmith armor right arm,Heavy,Right Arm,regular,20,8,8,,,,botsmith armor,30,https://fallout.fandom.com/wiki/Botsmith_armor
botsmith armor left leg,Heavy,Left Leg,regular,20,8,8,,,,botsmith armor,30,https://fallout.fandom.com/wiki/Botsmith_armor
botsmith armor right leg,Heavy,Right Leg,regular,20,8,8,,,,botsmith armor,30,https://fallout.fandom.com/wiki/Botsmith_armor
botsmith armor chest,Heavy,Chest,regular,50,18,18,,,,botsmith armor,30,https://fallout.fandom.com/wiki/Botsmith_armor
botsmith armor left arm,Heavy,Left Arm,regular,10,3,3,,,,botsmith armor,20,https://fallout.fandom.com/wiki/Botsmith_armor
botsmith armor right arm,Heavy,Right Arm,regular,10,3,3,,,,botsmith armor,20,https://fallout.fandom.com/wiki/Botsmith_armor
botsmith armor left leg,Heavy,Left Leg,regular,10,3,3,,,,botsmith armor,20,https://fallout.fandom.com/wiki/Botsmith_armor
botsmith armor right leg,Heavy,Right Leg,regular,10,3,3,,,,botsmith armor,20,https://fallout.fandom.com/wiki/Botsmith_armor
botsmith armor chest,Heavy,Chest,regular,40,12,12,,,,botsmith armor,20,https://fallout.fandom.com/wiki/Botsmith_armor
brotherhood recon armor left arm,Heavy,Left Arm,regular,50,30,30,,,,brotherhood recon armor,50,https://fallout.fandom.com/wiki/Brotherhood_recon_armor
brotherhood recon armor right arm,Heavy,Right Arm,regular,50,30,30,,,,brotherhood recon armor,50,https://fallout.fandom.com/wiki/Brotherhood_recon_armor
brotherhood recon armor left leg,Heavy,Left Leg,regular,50,30,30,,,,brotherhood recon armor,50,https://fallout.fandom.com/wiki/Brotherhood_recon_armor
brotherhood recon armor right leg,Heavy,Right Leg,regular,50,30,30,,,,brotherhood recon armor,50,https://fallout.fandom.com/wiki/Brotherhood_recon_armor
brotherhood recon armor chest,Heavy,Chest,regular,100,40,40,,,,brotherhood recon armor,50,https://fallout.fandom.com/wiki/Brotherhood_recon_armor
brotherhood recon armor left arm,Heavy,Left Arm,regular,40,20,20,,,,brotherhood recon armor,40,https://fallout.fandom.com/wiki/Brotherhood_recon_armor
brotherhood recon armor right arm,Heavy,Right Arm,regular,40,20,20,,,,brotherhood recon armor,40,https://fallout.fandom.com/wiki/Brotherhood_recon_armor
brotherhood recon armor left leg,Heavy,Left Leg,regular,40,20,20,,,,brotherhood recon armor,40,https://fallout.fandom.com/wiki/Brotherhood_recon_armor
brotherhood recon armor right leg,Heavy,Right Leg,regular,40,20,20,,,,brotherhood recon armor,40,https://fallout.fandom.com/wiki/Brotherhood_recon_armor
brotherhood recon armor chest,Heavy,Chest,regular,87,30,30,,,,brotherhood recon armor,40,https://fallout.fandom.com/wiki/Brotherhood_recon_armor
brotherhood recon armor helmet,Heavy,Helmet,regular,,,,,,,brotherhood recon armor,1,https://fallout.fandom.com/wiki/Brotherhood_recon_armor
civil engineer armor left arm,Sturdy,Left Arm,regular,24,48,30,,,,civil engineer armor,50,https://fallout.fandom.com/wiki/Civil_Engineer_armor
civil engineer armor right arm,Sturdy,Right Arm,regular,24,48,30,,,,civil engineer armor,50,https://fallout.fandom.com/wiki/Civil_Engineer_armor
civil engineer armor left leg,Sturdy,Left Leg,regular,24,48,30,,,,civil engineer armor,50,https://fallout.fandom.com/wiki/Civil_Engineer_armor
civil engineer armor right leg,Sturdy,Right Leg,regular,24,48,30,,,,civil engineer armor,50,https://fallout.fandom.com/wiki/Civil_Engineer_armor
civil engineer armor chest,Sturdy,Chest,regular,48,95,61,,,,civil engineer armor,50,https://fallout.fandom.com/wiki/Civil_Engineer_armor
civil engineer armor helmet,Sturdy,Helmet,regular,,,,,,,civil engineer armor,1,https://fallout.fandom.com/wiki/Civil_Engineer_armor
combat armor left arm,Heavy,Left Arm,regular,20,20,,,,,combat armor,50,https://fallout.fandom.com/wiki/Combat_armor_(Fallout_76)
combat armor right arm,Heavy,Right Arm,regular,20,20,,,,,combat armor,50,https://fallout.fandom.com/wiki/Combat_armor_(Fallout_76)
combat armor left leg,Heavy,Left Leg,regular,20,20,,,,,combat armor,50,https://fallout.fandom.com/wiki/Combat_armor_(Fallout_76)
combat armor right leg,Heavy,Right Leg,regular,20,20,,,,,combat armor,50,https://fallout.fandom.com/wiki/Combat_armor_(Fallout_76)
combat armor chest,Heavy,Chest,regular,61,61,,,,,combat armor,50,https://fallout.fandom.com/wiki/Combat_armor_(Fallout_76)
combat armor left arm,Heavy,Left Arm,regular,17,17,,,,,combat armor,40,https://fallout.fandom.com/wiki/Combat_armor_(Fallout_76)
combat armor right arm,Heavy,Right Arm,regular,17,17,,,,,combat armor,40,https://fallout.fandom.com/wiki/Combat_armor_(Fallout_76)
combat armor left leg,Heavy,Left Leg,regular,17,17,,,,,combat armor,40,https://fallout.fandom.com/wiki/Combat_armor_(Fallout_76)
combat armor right leg,Heavy,Right Leg,regular,17,17,,,,,combat armor,40,https://fallout.fandom.com/wiki/Combat_armor_(Fallout_76)
combat armor chest,Heavy,Chest,regular,52,52,,,,,combat armor,40,https://fallout.fandom.com/wiki/Combat_armor_(Fallout_76)
combat armor left arm,Heavy,Left Arm,regular,14,14,,,,,combat armor,30,https://fallout.fandom.com/wiki/Combat_armor_(Fallout_76)
combat armor right arm,Heavy,Right Arm,regular,14,14,,,,,combat armor,30,https://fallout.fandom.com/wiki/Combat_armor_(Fallout_76)
combat armor left leg,Heavy,Left Leg,regular,14,14,,,,,combat armor,30,https://fallout.fandom.com/wiki/Combat_armor_(Fallout_76)
combat armor right leg,Heavy,Right Leg,regular,14,14,,,,,combat armor,30,https://fallout.fandom.com/wiki/Combat_armor_(Fallout_76)
combat armor chest,Heavy,Chest,regular,43,43,,,,,combat armor,30,https://fallout.fandom.com/wiki/Combat_armor_(Fallout_76)
combat armor left arm,Heavy,Left Arm,regular,11,11,,,,,combat armor,20,https://fallout.fandom.com/wiki/Combat_armor_(Fallout_76)
combat armor right arm,Heavy,Right Arm,regular,11,11,,,,,combat armor,20,https://fallout.fandom.com/wiki/Combat_armor_(Fallout_76)
combat armor left leg,Heavy,Left Leg,regular,11,11,,,,,combat armor,20,https://fallout.fandom.com/wiki/Combat_armor_(Fallout_76)
combat armor right leg,Heavy,Right Leg,regular,11,11,,,,,combat armor,20,https://fallout.fandom.com/wiki/Combat_armor_(Fallout_76)
combat armor chest,Heavy,Chest,regular,27,27,,,,,combat armor,20,https://fallout.fandom.com/wiki/Combat_armor_(Fallout_76)
combat armor helmet,Heavy,Helmet,regular,,,,,,,combat armor,1,https://fallout.fandom.com/wiki/Combat_armor_(Fallout_76)
covert scout armor left arm,Light,Left Arm,regular,25,30,10,,,,covert scout armor,50,https://fallout.fandom.com/wiki/Covert_scout_armor
covert scout armor right arm,Light,Right Arm,regular,25,30,10,,,,covert scout armor,50,https://fallout.fandom.com/wiki/Covert_scout_armor
covert scout armor left leg,Light,Left Leg,regular,25,30,10,,,,covert scout armor,50,https://fallout.fandom.com/wiki/Covert_scout_armor
covert scout armor right leg,Light,Right Leg,regular,25,30,10,,,,covert scout armor,50,https://fallout.fandom.com/wiki/Covert_scout_armor
covert scout armor chest,Light,Chest,regular,60,50,10,,,,covert scout armor,50,https://fallout.fandom.com/wiki/Covert_scout_armor
covert scout armor left arm,Light,Left Arm,regular,21,27,10,,,,covert scout armor,40,https://fallout.fandom.com/wiki/Covert_scout_armor
covert scout armor right arm,Light,Right Arm,regular,21,27,10,,,,covert scout armor,40,https://fallout.fandom.com/wiki/Covert_scout_armor
covert scout armor left leg,Light,Left Leg,regular,21,27,10,,,,covert scout armor,40,https://fallout.fandom.com/wiki/Covert_scout_armor
covert scout armor right leg,Light,Right Leg,regular,21,27,10,,,,covert scout armor,40,https://fallout.fandom.com/wiki/Covert_scout_armor
covert scout armor chest,Light,Chest,regular,50,43,10,,,,covert scout armor,40,https://fallout.fandom.com/wiki/Covert_scout_armor
covert scout armor mask,Light,Helmet,regular,,,,,,,covert scout armor,1,https://fallout.fandom.com/wiki/Covert_scout_armor
forest scout armor left arm,Light,Left Arm,regular,25,20,,,,,forest scout armor,50,https://fallout.fandom.com/wiki/Forest_scout_armor
forest scout armor right arm,Light,Right Arm,regular,25,20,,,,,forest scout armor,50,https://fallout.fandom.com/wiki/Forest_scout_armor
forest scout armor left leg,Light,Left Leg,regular,25,20,,,,,forest scout armor,50,https://fallout.fandom.com/wiki/Forest_scout_armor
forest scout armor right leg,Light,Right Leg,regular,25,20,,,,,forest scout armor,50,https://fallout.fandom.com/wiki/Forest_scout_armor
forest scout armor chest,Light,Chest,regular,60,40,,,,,forest scout armor,50,https://fallout.fandom.com/wiki/Forest_scout_armor
forest scout armor left arm,Light,Left Arm,regular,21,17,,,,,forest scout armor,40,https://fallout.fandom.com/wiki/Forest_scout_armor
forest scout armor right arm,Light,Right Arm,regular,21,17,,,,,forest scout armor,40,https://fallout.fandom.com/wiki/Forest_scout_armor
forest scout armor left leg,Light,Left Leg,regular,21,17,,,,,forest scout armor,40,https://fallout.fandom.com/wiki/Forest_scout_armor
forest scout armor right leg,Light,Right Leg,regular,21,17,,,,,forest scout armor,40,https://fallout.fandom.com/wiki/Forest_scout_armor
forest scout armor chest,Light,Chest,regular,50,33,,,,,forest scout armor,40,https://fallout.fandom.com/wiki/Forest_scout_armor
forest scout armor mask,Light,Helmet,regular,,,,,,,forest scout armor,1,https://fallout.fandom.com/wiki/Forest_scout_armor
leather armor left arm,Heavy,Left Arm,regular,22,47,,,,,leather armor,50,https://fallout.fandom.com/wiki/Leather_armor_(Fallout_76)
leather armor right arm,Heavy,Right Arm,regular,22,47,,,,,leather armor,50,https://fallout.fandom.com/wiki/Leather_armor_(Fallout_76)
leather armor left leg,Heavy,Left Leg,regular,22,47,,,,,leather armor,50,https://fallout.fandom.com/wiki/Leather_armor_(Fallout_76)
leather armor right leg,Heavy,Right Leg,regular,22,47,,,,,leather armor,50,https://fallout.fandom.com/wiki/Leather_armor_(Fallout_76)
leather armor chest,Heavy,Chest,regular,28,76,,,,,leather armor,50,https://fallout.fandom.com/wiki/Leather_armor_(Fallout_76)
leather armor left arm,Heavy,Left Arm,regular,19,39,,,,,leather armor,40,https://fallout.fandom.com/wiki/Leather_armor_(Fallout_76)
leather armor right arm,Heavy,Right Arm,regular,19,39,,,,,leather armor,40,https://fallout.fandom.com/wiki/Leather_armor_(Fallout_76)
leather armor left leg,Heavy,Left Leg,regular,19,39,,,,,leather armor,40,https://fallout.fandom.com/wiki/Leather_armor_(Fallout_76)
leather armor right leg,Heavy,Right Leg,regular,19,39,,,,,leather armor,40,https://fallout.fandom.com/wiki/Leather_armor_(Fallout_76)
leather armor chest,Heavy,Chest,regular,24,67,,,,,leather armor,40,https://fallout.fandom.com/wiki/Leather_armor_(Fallout_76)
leather armor left arm,Heavy,Left Arm,regular,15,31,,,,,leather armor,30,https://fallout.fandom.com/wiki/Leather_armor_(Fallout_76)
leather armor right arm,Heavy,Right Arm,regular,15,31,,,,,leather armor,30,https://fallout.fandom.com/wiki/Leather_armor_(Fallout_76)
leather armor left leg,Heavy,Left Leg,regular,15,31,,,,,leather armor,30,https://fallout.fandom.com/wiki/Leather_armor_(Fallout_76)
leather armor right leg,Heavy,Right Leg,regular,15,31,,,,,leather armor,30,https://fallout.fandom.com/wiki/Leather_armor_(Fallout_76)
leather armor chest,Heavy,Chest,regular,21,58,,,,,leather armor,30,https://fallout.fandom.com/wiki/Leather_armor_(Fallout_76)
leather armor left arm,Heavy,Left Arm,regular,11,22,,,,,leather armor,20,https://fallout.fandom.com/wiki/Leather_armor_(Fallout_76)
leather armor right arm,Heavy,Right Arm,regular,11,22,,,,,leather armor,20,https://fallout.fandom.com/wiki/Leather_armor_(Fallout_76)
leather armor left leg,Heavy,Left Leg,regular,11,22,,,,,leather armor,20,https://fallout.fandom.com/wiki/Leather_armor_(Fallout_76)
leather armor right leg,Heavy,Right Leg,regular,11,22,,,,,leather armor,20,https://fallout.fandom.com/wiki/Leather_armor_(Fallout_76)
leather armor chest,Heavy,Chest,regular,17,50,,,,,leather armor,20,https://fallout.fandom.com/wiki/Leather_armor_(Fallout_76)
marine armor left arm,Sturdy,Left Arm,regular,19,14,,,,,marine armor,45,https://fallout.fandom.com/wiki/Marine_armor_(Fallout_76)
marine armor right arm,Sturdy,Right Arm,regular,19,14,,,,,marine armor,45,https://fallout.fandom.com/wiki/Marine_armor_(Fallout_76)
marine armor left leg,Sturdy,Left Leg,regular,19,14,,,,,marine armor,45,https://fallout.fandom.com/wiki/Marine_armor_(Fallout_76)
marine armor right leg,Sturdy,Right Leg,regular,19,14,,,,,marine armor,45,https://fallout.fandom.com/wiki/Marine_armor_(Fallout_76)
marine armor chest,Sturdy,Chest,regular,46,19,19,,,,marine armor,45,https://fallout.fandom.com/wiki/Marine_armor_(Fallout_76)
marine armor left arm,Sturdy,Left Arm,regular,16,11,,,,,marine armor,35,https://fallout.fandom.com/wiki/Marine_armor_(Fallout_76)
marine armor right arm,Sturdy,Right Arm,regular,16,11,,,,,marine armor,35,https://fallout.fandom.com/wiki/Marine_armor_(Fallout_76)
marine armor left leg,Sturdy,Left Leg,regular,16,11,,,,,marine armor,35,https://fallout.fandom.com/wiki/Marine_armor_(Fallout_76)
marine armor right leg,Sturdy,Right Leg,regular,16,11,,,,,marine armor,35,https://fallout.fandom.com/wiki/Marine_armor_(Fallout_76)
marine armor chest,Sturdy,Chest,regular,37,16,16,,,,marine armor,35,https://fallout.fandom.com/wiki/Marine_armor_(Fallout_76)
marine armor helmet,Sturdy,Helmet,regular,,,,,,,marine armor,1,https://fallout.fandom.com/wiki/Marine_armor_(Fallout_76)
metal armor left arm,Heavy,Left Arm,regular,34,8,,,,,metal armor,50,https://fallout.fandom.com/wiki/Metal_armor_(Fallout_76)
metal armor right arm,Heavy,Right Arm,regular,34,8,,,,,metal armor,50,https://fallout.fandom.com/wiki/Metal_armor_(Fallout_76)
metal armor left leg,Heavy,Left Leg,regular,34,8,,,,,metal armor,50,https://fallout.fandom.com/wiki/Metal_armor_(Fallout_76)
metal armor right leg,Heavy,Right Leg,regular,34,8,,,,,metal armor,50,https://fallout.fandom.com/wiki/Metal_armor_(Fallout_76)
metal armor chest,Heavy,Chest,regular,87,14,,,,,metal armor,50,https://fallout.fandom.com/wiki/Metal_armor_(Fallout_76)
metal armor left arm,Heavy,Left Arm,regular,32,7,,,,,metal armor,40,https://fallout.fandom.com/wiki/Metal_armor_(Fallout_76)
metal armor right arm,Heavy,Right Arm,regular,32,7,,,,,metal armor,40,https://fallout.fandom.com/wiki/Metal_armor_(Fallout_76)
metal armor left leg,Heavy,Left Leg,regular,32,7,,,,,metal armor,40,https://fallout.fandom.com/wiki/Metal_armor_(Fallout_76)
metal armor right leg,Heavy,Right Leg,regular,32,7,,,,,metal armor,40,https://fallout.fandom.com/wiki/Metal_armor_(Fallout_76)
metal armor chest,Heavy,Chest,regular,72,12,,,,,metal armor,40,https://fallout.fandom.com/wiki/Metal_armor_(Fallout_76)
metal armor left arm,Heavy,Left Arm,regular,27,6,,,,,metal armor,30,https://fallout.fandom.com/wiki/Metal_armor_(Fallout_76)
metal armor right arm,Heavy,Right Arm,regular,27,6,,,,,metal armor,30,https://fallout.fandom.com/wiki/Metal_armor_(Fallout_76)
metal armor left leg,Heavy,Left Leg,regular,27,6,,,,,metal armor,30,https://fallout.fandom.com/wiki/Metal_armor_(Fallout_76)
metal armor right leg,Heavy,Right Leg,regular,27,6,,,,,metal armor,30,https://fallout.fandom.com/wiki/Metal_armor_(Fallout_76)
metal armor chest,Heavy,Chest,regular,59,10,,,,,metal armor,30,https://fallout.fandom.com/wiki/Metal_armor_(Fallout_76)
metal armor left arm,Heavy,Left Arm,regular,20,4,,,,,metal armor,20,https://fallout.fandom.com/wiki/Metal_armor_(Fallout_76)
metal armor right arm,Heavy,Right Arm,regular,20,4,,,,,metal armor,20,https://fallout.fandom.com/wiki/Metal_armor_(Fallout_76)
metal armor left leg,Heavy,Left Leg,regular,27,6,,,,,metal armor,20,https://fallout.fandom.com/wiki/Metal_armor_(Fallout_76)
metal armor right leg,Heavy,Right Leg,regular,27,6,,,,,metal armor,20,https://fallout.fandom.com/wiki/Metal_armor_(Fallout_76)
metal armor chest,Heavy,Chest,regular,42,7,,,,,metal armor,20,https://fallout.fandom.com/wiki/Metal_armor_(Fallout_76)
metal armor helmet,Heavy,Helmet,regular,,,,,,,metal armor,1,https://fallout.fandom.com/wiki/Metal_armor_(Fallout_76)
raider armor left arm,Heavy,Left Arm,regular,28,13,,,,,raider armor,45,https://fallout.fandom.com/wiki/Raider_armor_(Fallout_76)
raider armor right arm,Heavy,Right Arm,regular,28,13,,,,,raider armor,45,https://fallout.fandom.com/wiki/Raider_armor_(Fallout_76)
raider armor left leg,Heavy,Left Leg,regular,28,13,,,,,raider armor,45,https://fallout.fandom.com/wiki/Raider_armor_(Fallout_76)
raider armor right leg,Heavy,Right Leg,regular,28,13,,,,,raider armor,45,https://fallout.fandom.com/wiki/Raider_armor_(Fallout_76)
raider armor chest,Heavy,Chest,regular,70,24,,,,,raider armor,45,https://fallout.fandom.com/wiki/Raider_armor_(Fallout_76)
raider armor left arm,Heavy,Left Arm,regular,23,11,,,,,raider armor,35,https://fallout.fandom.com/wiki/Raider_armor_(Fallout_76)
raider armor right arm,Heavy,Right Arm,regular,23,11,,,,,raider armor,35,https://fallout.fandom.com/wiki/Raider_armor_(Fallout_76)
raider armor left leg,Heavy,Left Leg,regular,23,11,,,,,raider armor,35,https://fallout.fandom.com/wiki/Raider_armor_(Fallout_76)
raider armor right leg,Heavy,Right Leg,regular,23,11,,,,,raider armor,35,https://fallout.fandom.com/wiki/Raider_armor_(Fallout_76)
raider armor chest,Heavy,Chest,regular,57,19,,,,,raider armor,35,https://fallout.fandom.com/wiki/Raider_armor_(Fallout_76)
raider armor left arm,Heavy,Left Arm,regular,18,8,,,,,raider armor,25,https://fallout.fandom.com/wiki/Raider_armor_(Fallout_76)
raider armor right arm,Heavy,Right Arm,regular,18,8,,,,,raider armor,25,https://fallout.fandom.com/wiki/Raider_armor_(Fallout_76)
raider armor left leg,Heavy,Left Leg,regular,18,8,,,,,raider armor,25,https://fallout.fandom.com/wiki/Raider_armor_(Fallout_76)
raider armor right leg,Heavy,Right Leg,regular,18,8,,,,,raider armor,25,https://fallout.fandom.com/wiki/Raider_armor_(Fallout_76)
raider armor chest,Heavy,Chest,regular,44,14,,,,,raider armor,25,https://fallout.fandom.com/wiki/Raider_armor_(Fallout_76)
raider armor left arm,Heavy,Left Arm,regular,13,6,,,,,raider armor,15,https://fallout.fandom.com/wiki/Raider_armor_(Fallout_76)
raider armor right arm,Heavy,Right Arm,regular,13,6,,,,,raider armor,15,https://fallout.fandom.com/wiki/Raider_armor_(Fallout_76)
raider armor left leg,Heavy,Left Leg,regular,13,6,,,,,raider armor,15,https://fallout.fandom.com/wiki/Raider_armor_(Fallout_76)
raider armor right leg,Heavy,Right Leg,regular,13,6,,,,,raider armor,15,https://fallout.fandom.com/wiki/Raider_armor_(Fallout_76)
raider armor chest,Heavy,Chest,regular,32,11,,,,,raider armor,15,https://fallout.fandom.com/wiki/Raider_armor_(Fallout_76)
raider armor left arm,Heavy,Left Arm,regular,9,4,,,,,raider armor,5,https://fallout.fandom.com/wiki/Raider_armor_(Fallout_76)
raider armor right arm,Heavy,Right Arm,regular,9,4,,,,,raider armor,5,https://fallout.fandom.com/wiki/Raider_armor_(Fallout_76)
raider armor left leg,Heavy,Left Leg,regular,9,4,,,,,raider armor,5,https://fallout.fandom.com/wiki/Raider_armor_(Fallout_76)
raider armor right leg,Heavy,Right Leg,regular,9,4,,,,,raider armor,5,https://fallout.fandom.com/wiki/Raider_armor_(Fallout_76)
raider armor chest,Heavy,Chest,regular,17,8,,,,,raider armor,5,https://fallout.fandom.com/wiki/Raider_armor_(Fallout_76)
robot armor left arm,Heavy,Left Arm,regular,17,17,15,,,,robot armor,50,https://fallout.fandom.com/wiki/Robot_armor_(Fallout_76)
robot armor right arm,Heavy,Right Arm,regular,17,17,15,,,,robot armor,50,https://fallout.fandom.com/wiki/Robot_armor_(Fallout_76)
robot armor left leg,Heavy,Left Leg,regular,17,17,15,,,,robot armor,50,https://fallout.fandom.com/wiki/Robot_armor_(Fallout_76)
robot armor right leg,Heavy,Right Leg,regular,17,17,15,,,,robot armor,50,https://fallout.fandom.com/wiki/Robot_armor_(Fallout_76)
robot armor chest,Heavy,Chest,regular,42,42,15,,,,robot armor,50,https://fallout.fandom.com/wiki/Robot_armor_(Fallout_76)
robot armor left arm,Heavy,Left Arm,regular,15,15,13,,,,robot armor,40,https://fallout.fandom.com/wiki/Robot_armor_(Fallout_76)
robot armor right arm,Heavy,Right Arm,regular,15,15,13,,,,robot armor,40,https://fallout.fandom.com/wiki/Robot_armor_(Fallout_76)
robot armor left leg,Heavy,Left Leg,regular,15,15,13,,,,robot armor,40,https://fallout.fandom.com/wiki/Robot_armor_(Fallout_76)
robot armor right leg,Heavy,Right Leg,regular,15,15,13,,,,robot armor,40,https://fallout.fandom.com/wiki/Robot_armor_(Fallout_76)
robot armor chest,Heavy,Chest,regular,34,34,13,,,,robot armor,40,https://fallout.fandom.com/wiki/Robot_armor_(Fallout_76)
robot armor left arm,Heavy,Left Arm,regular,12,12,11,,,,robot armor,30,https://fallout.fandom.com/wiki/Robot_armor_(Fallout_76)
robot armor right arm,Heavy,Right Arm,regular,12,12,11,,,,robot armor,30,https://fallout.fandom.com/wiki/Robot_armor_(Fallout_76)
robot armor left leg,Heavy,Left Leg,regular,12,12,11,,,,robot armor,30,https://fallout.fandom.com/wiki/Robot_armor_(Fallout_76)
robot armor right leg,Heavy,Right Leg,regular,12,12,11,,,,robot armor,30,https://fallout.fandom.com/wiki/Robot_armor_(Fallout_76)
robot armor chest,Heavy,Chest,regular,27,27,11,,,,robot armor,30,https://fallout.fandom.com/wiki/Robot_armor_(Fallout_76)
robot armor left arm,Heavy,Left Arm,regular,9,9,9,,,,robot armor,20,https://fallout.fandom.com/wiki/Robot_armor_(Fallout_76)
robot armor right arm,Heavy,Right Arm,regular,9,9,9,,,,robot armor,20,https://fallout.fandom.com/wiki/Robot_armor_(Fallout_76)
robot armor left leg,Heavy,Left Leg,regular,9,9,9,,,,robot armor,20,https://fallout.fandom.com/wiki/Robot_armor_(Fallout_76)
robot armor right leg,Heavy,Right Leg,regular,9,9,9,,,,robot armor,20,https://fallout.fandom.com/wiki/Robot_armor_(Fallout_76)
robot armor chest,Heavy,Chest,regular,20,20,9,,,,robot armor,20,https://fallout.fandom.com/wiki/Robot_armor_(Fallout_76)
robot armor left arm,Heavy,Left Arm,regular,7,7,7,,,,robot armor,10,https://fallout.fandom.com/wiki/Robot_armor_(Fallout_76)
robot armor right arm,Heavy,Right Arm,regular,7,7,7,,,,robot armor,10,https://fallout.fandom.com/wiki/Robot_armor_(Fallout_76)
robot armor left leg,Heavy,Left Leg,regular,7,7,7,,,,robot armor,10,https://fallout.fandom.com/wiki/Robot_armor_(Fallout_76)
robot armor right leg,Heavy,Right Leg,regular,7,7,7,,,,robot armor,10,https://fallout.fandom.com/wiki/Robot_armor_(Fallout_76)
robot armor chest,Heavy,Chest,regular,14,14,7,,,,robot armor,10,https://fallout.fandom.com/wiki/Robot_armor_(Fallout_76)
robot armor helmet,Heavy,Helmet,regular,,,,,,,robot armor,1,https://fallout.fandom.com/wiki/Robot_armor_(Fallout_76)
secret service armor left arm,Heavy,Left Arm,regular,40,40,40,,,,secret service armor,50,https://fallout.fandom.com/wiki/Secret_Service_armor
secret service armor right arm,Heavy,Right Arm,regular,40,40,40,,,,secret service armor,50,https://fallout.fandom.com/wiki/Secret_Service_armor
secret service armor left leg,Heavy,Left Leg,regular,40,40,40,,,,secret service armor,50,https://fallout.fandom.com/wiki/Secret_Service_armor
secret service armor right leg,Heavy,Right Leg,regular,40,40,40,,,,secret service armor,50,https://fallout.fandom.com/wiki/Secret_Service_armor
secret service armor chest,Heavy,Chest,regular,90,60,60,,,,secret service armor,50,https://fallout.fandom.com/wiki/Secret_Service_armor
secret service armor left arm,Heavy,Left Arm,regular,30,30,30,,,,secret service armor,40,https://fallout.fandom.com/wiki/Secret_Service_armor
secret service armor right arm,Heavy,Right Arm,regular,30,30,30,,,,secret service armor,40,https://fallout.fandom.com/wiki/Secret_Service_armor
secret service armor left leg,Heavy,Left Leg,regular,30,30,30,,,,secret service armor,40,https://fallout.fandom.com/wiki/Secret_Service_armor
secret service armor right leg,Heavy,Right Leg,regular,30,30,30,,,,secret service armor,40,https://fallout.fandom.com/wiki/Secret_Service_armor
secret service armor chest,Heavy,Chest,regular,75,50,50,,,,secret service armor,40,https://fallout.fandom.com/wiki/Secret_Service_armor
solar armor left arm,Light,Left Arm,regular,25,20,,,,,solar armor,50,https://fallout.fandom.com/wiki/Solar_armor
solar armor right arm,Light,Right Arm,regular,25,20,,,,,solar armor,50,https://fallout.fandom.com/wiki/Solar_armor
solar armor left leg,Light,Left Leg,regular,25,20,,,,,solar armor,50,https://fallout.fandom.com/wiki/Solar_armor
solar armor right leg,Light,Right Leg,regular,25,20,,,,,solar armor,50,https://fallout.fandom.com/wiki/Solar_armor
solar armor chest,Light,Chest,regular,60,40,,,,,solar armor,50,https://fallout.fandom.com/wiki/Solar_armor
solar armor left arm,Light,Left Arm,regular,21,17,,,,,solar armor,40,https://fallout.fandom.com/wiki/Solar_armor
solar armor right arm,Light,Right Arm,regular,21,17,,,,,solar armor,40,https://fallout.fandom.com/wiki/Solar_armor
solar armor left leg,Light,Left Leg,regular,21,17,,,,,solar armor,40,https://fallout.fandom.com/wiki/Solar_armor
solar armor right leg,Light,Right Leg,regular,21,17,,,,,solar armor,40,https://fallout.fandom.com/wiki/Solar_armor
solar armor chest,Light,Chest,regular,50,33,,,,,solar armor,40,https://fallout.fandom.com/wiki/Solar_armor
solar armor mask,Light,Helmet,regular,,,,,,,solar armor,1,https://fallout.fandom.com/wiki/Solar_armor
thorn armor left arm,Light,Left Arm,regular,25,20,,,,,thorn armor,50,https://fallout.fandom.com/wiki/Thorn_armor
thorn armor right arm,Light,Right Arm,regular,25,20,,,,,thorn armor,50,https://fallout.fandom.com/wiki/Thorn_armor
thorn armor left leg,Light,Left Leg,regular,25,20,,,,,thorn armor,50,https://fallout.fandom.com/wiki/Thorn_armor
thorn armor right leg,Light,Right Leg,regular,25,20,,,,,thorn armor,50,https://fallout.fandom.com/wiki/Thorn_armor
thorn armor chest,Light,Chest,regular,60,40,,,,,thorn armor,50,https://fallout.fandom.com/wiki/Thorn_armor
thorn armor left arm,Light,Left Arm,regular,21,17,,,,,thorn armor,40,https://fallout.fandom.com/wiki/Thorn_armor
thorn armor right arm,Light,Right Arm,regular,21,17,,,,,thorn armor,40,https://fallout.fandom.com/wiki/Thorn_armor
thorn armor left leg,Light,Left Leg,regular,21,17,,,,,thorn armor,40,https://fallout.fandom.com/wiki/Thorn_armor
thorn armor right leg,Light,Right Leg,regular,21,17,,,,,thorn armor,40,https://fallout.fandom.com/wiki/Thorn_armor
thorn armor chest,Light,Chest,regular,50,33,,,,,thorn armor,40,https://fallout.fandom.com/wiki/Thorn_armor
thorn armor mask,Light,Helmet,regular,,,,,,,thorn armor,1,https://fallout.fandom.com/wiki/Thorn_armor
trapper armor left arm,Sturdy,Left Arm,regular,14,10,14,,,,trapper armor,45,https://fallout.fandom.com/wiki/Trapper_armor_(Fallout_76)
trapper armor right arm,Sturdy,Right Arm,regular,14,10,14,,,,trapper armor,45,https://fallout.fandom.com/wiki/Trapper_armor_(Fallout_76)
trapper armor left leg,Sturdy,Left Leg,regular,14,10,14,,,,trapper armor,45,https://fallout.fandom.com/wiki/Trapper_armor_(Fallout_76)
trapper armor right leg,Sturdy,Right Leg,regular,14,10,14,,,,trapper armor,45,https://fallout.fandom.com/wiki/Trapper_armor_(Fallout_76)
trapper armor chest,Sturdy,Chest,regular,35,14,35,,,,trapper armor,45,https://fallout.fandom.com/wiki/Trapper_armor_(Fallout_76)
trapper armor left arm,Sturdy,Left Arm,regular,12,8,12,,,,trapper armor,35,https://fallout.fandom.com/wiki/Trapper_armor_(Fallout_76)
trapper armor right arm,Sturdy,Right Arm,regular,12,8,12,,,,trapper armor,35,https://fallout.fandom.com/wiki/Trapper_armor_(Fallout_76)
trapper armor left leg,Sturdy,Left Leg,regular,12,8,12,,,,trapper armor,35,https://fallout.fandom.com/wiki/Trapper_armor_(Fallout_76)
trapper armor right leg,Sturdy,Right Leg,regular,12,8,12,,,,trapper armor,35,https://fallout.fandom.com/wiki/Trapper_armor_(Fallout_76)
trapper armor chest,Sturdy,Chest,regular,26,12,26,,,,trapper armor,35,https://fallout.fandom.com/wiki/Trapper_armor_(Fallout_76)
trapper armor left arm,Sturdy,Left Arm,regular,9,6,9,,,,trapper armor,25,https://fallout.fandom.com/wiki/Trapper_armor_(Fallout_76)
trapper armor right arm,Sturdy,Right Arm,regular,9,6,9,,,,trapper armor,25,https://fallout.fandom.com/wiki/Trapper_armor_(Fallout_76)
trapper armor left leg,Sturdy,Left Leg,regular,9,6,9,,,,trapper armor,25,https://fallout.fandom.com/wiki/Trapper_armor_(Fallout_76)
trapper armor right leg,Sturdy,Right Leg,regular,9,6,9,,,,trapper armor,25,https://fallout.fandom.com/wiki/Trapper_armor_(Fallout_76)
trapper armor chest,Sturdy,Chest,regular,20,9,20,,,,trapper armor,25,https://fallout.fandom.com/wiki/Trapper_armor_(Fallout_76)
trapper armor left arm,Sturdy,Left Arm,regular,6,4,6,,,,trapper armor,15,https://fallout.fandom.com/wiki/Trapper_armor_(Fallout_76)
trapper armor right arm,Sturdy,Right Arm,regular,6,4,6,,,,trapper armor,15,https://fallout.fandom.com/wiki/Trapper_armor_(Fallout_76)
trapper armor left leg,Sturdy,Left Leg,regular,6,4,6,,,,trapper armor,15,https://fallout.fandom.com/wiki/Trapper_armor_(Fallout_76)
trapper armor right leg,Sturdy,Right Leg,regular,6,4,6,,,,trapper armor,15,https://fallout.fandom.com/wiki/Trapper_armor_(Fallout_76)
trapper armor chest,Sturdy,Chest,regular,14,7,14,,,,trapper armor,15,https://fallout.fandom.com/wiki/Trapper_armor_(Fallout_76)
urban scout armor left arm,Light,Left Arm,regular,25,20,,,,,urban scout armor,50,https://fallout.fandom.com/wiki/Urban_scout_armor
urban scout armor right arm,Light,Right Arm,regular,25,20,,,,,urban scout armor,50,https://fallout.fandom.com/wiki/Urban_scout_armor
urban scout armor left leg,Light,Left Leg,regular,25,20,,,,,urban scout armor,50,https://fallout.fandom.com/wiki/Urban_scout_armor
urban scout armor right leg,Light,Right Leg,regular,25,20,,,,,urban scout armor,50,https://fallout.fandom.com/wiki/Urban_scout_armor
urban scout armor chest,Light,Chest,regular,60,40,,,,,urban scout armor,50,https://fallout.fandom.com/wiki/Urban_scout_armor
urban scout armor left arm,Light,Left Arm,regular,21,17,,,,,urban scout armor,40,https://fallout.fandom.com/wiki/Urban_scout_armor
urban scout armor right arm,Light,Right Arm,regular,21,17,,,,,urban scout armor,40,https://fallout.fandom.com/wiki/Urban_scout_armor
urban scout armor left leg,Light,Left Leg,regular,21,17,,,,,urban scout armor,40,https://fallout.fandom.com/wiki/Urban_scout_armor
urban scout armor right leg,Light,Right Leg,regular,21,17,,,,,urban scout armor,40,https://fallout.fandom.com/wiki/Urban_scout_armor
urban scout armor chest,Light,Chest,regular,50,33,,,,,urban scout armor,40,https://fallout.fandom.com/wiki/Urban_scout_armor
urban scout armor mask,Light,Helmet,regular,,,,,,,urban scout armor,1,https://fallout.fandom.com/wiki/Urban_scout_armor
wood armor left arm,Light,Left Arm,regular,22,6,,,,,wood armor,45,https://fallout.fandom.com/wiki/Wood_armor
wood armor right arm,Light,Right Arm,regular,22,6,,,,,wood armor,45,https://fallout.fandom.com/wiki/Wood_armor
wood armor left leg,Light,Left Leg,regular,22,6,,,,,wood armor,45,https://fallout.fandom.com/wiki/Wood_armor
wood armor right leg,Light,Right Leg,regular,22,6,,,,,wood armor,45,https://fallout.fandom.com/wiki/Wood_armor
wood armor chest,Light,Chest,regular,45,9,,,,,wood armor,45,https://fallout.fandom.com/wiki/Wood_armor
wood armor left arm,Light,Left Arm,regular,18,5,,,,,wood armor,35,https://fallout.fandom.com/wiki/Wood_armor
wood armor right arm,Light,Right Arm,regular,18,5,,,,,wood armor,35,https://fallout.fandom.com/wiki/Wood_armor
wood armor left leg,Light,Left Leg,regular,18,5,,,,,wood armor,35,https://fallout.fandom.com/wiki/Wood_armor
wood armor right leg,Light,Right Leg,regular,18,5,,,,,wood armor,35,https://fallout.fandom.com/wiki/Wood_armor
wood armor chest,Light,Chest,regular,37,8,,,,,wood armor,35,https://fallout.fandom.com/wiki/Wood_armor
wood armor left arm,Light,Left Arm,regular,14,4,,,,,wood armor,25,https://fallout.fandom.com/wiki/Wood_armor
wood armor right arm,Light,Right Arm,regular,14,4,,,,,wood armor,25,https://fallout.fandom.com/wiki/Wood_armor
wood armor left leg,Light,Left Leg,regular,14,4,,,,,wood armor,25,https://fallout.fandom.com/wiki/Wood_armor
wood armor right leg,Light,Right Leg,regular,14,4,,,,,wood armor,25,https://fallout.fandom.com/wiki/Wood_armor
wood armor chest,Light,Chest,regular,28,7,,,,,wood armor,25,https://fallout.fandom.com/wiki/Wood_armor
wood armor left arm,Light,Left Arm,regular,9,3,,,,,wood armor,15,https://fallout.fandom.com/wiki/Wood_armor
wood armor right arm,Light,Right Arm,regular,9,3,,,,,wood armor,15,https://fallout.fandom.com/wiki/Wood_armor
wood armor left leg,Light,Left Leg,regular,9,3,,,,,wood armor,15,https://fallout.fandom.com/wiki/Wood_armor
wood armor right leg,Light,Right Leg,regular,9,3,,,,,wood armor,15,https://fallout.fandom.com/wiki/Wood_armor
wood armor chest,Light,Chest,regular,19,6,,,,,wood armor,15,https://fallout.fandom.com/wiki/Wood_armor
wood armor left arm,Light,Left Arm,regular,4,2,,,,,wood armor,5,https://fallout.fandom.com/wiki/Wood_armor
wood armor right arm,Light,Right Arm,regular,4,2,,,,,wood armor,5,https://fallout.fandom.com/wiki/Wood_armor
wood armor left leg,Light,Left Leg,regular,4,2,,,,,wood armor,5,https://fallout.fandom.com/wiki/Wood_armor
wood armor right leg,Light,Right Leg,regular,4,2,,,,,wood armor,5,https://fallout.fandom.com/wiki/Wood_armor
wood armor chest,Light,Chest,regular,12,4,,,,,wood armor,5,https://fallout.fandom.com/wiki/Wood_armor
wood armor left arm,Light,Left Arm,regular,2,1,,,,,wood armor,1,https://fallout.fandom.com/wiki/Wood_armor
wood armor right arm,Light,Right Arm,regular,2,1,,,,,wood armor,1,https://fallout.fandom.com/wiki/Wood_armor
wood armor left leg,Light,Left Leg,regular,2,1,,,,,wood armor,1,https://fallout.fandom.com/wiki/Wood_armor
wood armor right leg,Light,Right Leg,regular,2,1,,,,,wood armor,1,https://fallout.fandom.com/wiki/Wood_armor
wood armor chest,Light,Chest,regular,7,3,,,,,wood armor,1,https://fallout.fandom.com/wiki/Wood_armor
excavator power armor helmet,,Helmet,power,36,36,55,,,,excavator power armor,45,https://fallout.fandom.com/wiki/Excavator_power_armor
excavator power armor left arm,,Left Arm,power,36,36,55,,,,excavator power armor,45,https://fallout.fandom.com/wiki/Excavator_power_armor
excavator power armor right arm,,Right Arm,power,36,36,55,,,,excavator power armor,45,https://fallout.fandom.com/wiki/Excavator_power_armor
excavator power armor left leg,,Left Leg,power,36,36,55,,,,excavator power armor,45,https://fallout.fandom.com/wiki/Excavator_power_armor
excavator power armor right leg,,Right Leg,power,36,36,55,,,,excavator power armor,45,https://fallout.fandom.com/wiki/Excavator_power_armor
excavator power armor torso,,Torso,power,60,60,91,,,,excavator power armor,45,https://fallout.fandom.com/wiki/Excavator_power_armor
excavator power armor helmet,,Helmet,power,30,30,45,,,,excavator power armor,35,https://fallout.fandom.com/wiki/Excavator_power_armor
excavator power armor left arm,,Left Arm,power,30,30,45,,,,excavator power armor,35,https://fallout.fandom.com/wiki/Excavator_power_armor
excavator power armor right arm,,Right Arm,power,30,30,45,,,,excavator power armor,35,https://fallout.fandom.com/wiki/Excavator_power_armor
excavator power armor left leg,,Left Leg,power,30,30,45,,,,excavator power armor,35,https://fallout.fandom.com/wiki/Excavator_power_armor
excavator power armor right leg,,Right Leg,power,30,30,45,,,,excavator power armor,35,https://fallout.fandom.com/wiki/Excavator_power_armor
excavator power armor torso,,Torso,power,51,51,75,,,,excavator power armor,35,https://fallout.fandom.com/wiki/Excavator_power_armor
excavator power armor helmet,,Helmet,power,24,24,35,,,,excavator power armor,25,https://fallout.fandom.com/wiki/Excavator_power_armor
excavator power armor left arm,,Left Arm,power,24,24,35,,,,excavator power armor,25,https://fallout.fandom.com/wiki/Excavator_power_armor
excavator power armor right arm,,Right Arm,power,24,24,35,,,,excavator power armor,25,https://fallout.fandom.com/wiki/Excavator_power_armor
excavator power armor left leg,,Left Leg,power,24,24,35,,,,excavator power armor,25,https://fallout.fandom.com/wiki/Excavator_power_armor
excavator power armor right leg,,Right Leg,power,24,24,35,,,,excavator power armor,25,https://fallout.fandom.com/wiki/Excavator_power_armor
excavator power armor torso,,Torso,power,42,42,59,,,,excavator power armor,25,https://fallout.fandom.com/wiki/Excavator_power_armor
raider power armor helmet,,Helmet,power,51,51,51,,,,raider power armor,45,https://fallout.fandom.com/wiki/Raider_power_armor_(Fallout_76)
raider power armor left arm,,Left Arm,power,51,51,51,,,,raider power armor,45,https://fallout.fandom.com/wiki/Raider_power_armor_(Fallout_76)
raider power armor right arm,,Right Arm,power,51,51,51,,,,raider power armor,45,https://fallout.fandom.com/wiki/Raider_power_armor_(Fallout_76)
raider power armor left leg,,Left Leg,power,51,51,51,,,,raider power armor,45,https://fallout.fandom.com/wiki/Raider_power_armor_(Fallout_76)
raider power armor right leg,,Right Leg,power,51,51,51,,,,raider power armor,45,https://fallout.fandom.com/wiki/Raider_power_armor_(Fallout_76)
raider power armor torso,,Torso,power,86,86,86,,,,raider power armor,45,https://fallout.fandom.com/wiki/Raider_power_armor_(Fallout_76)
raider power armor helmet,,Helmet,power,42,42,42,,,,raider power armor,35,https://fallout.fandom.com/wiki/Raider_power_armor_(Fallout_76)
raider power armor left arm,,Left Arm,power,42,42,42,,,,raider power armor,35,https://fallout.fandom.com/wiki/Raider_power_armor_(Fallout_76)
raider power armor right arm,,Right Arm,power,42,42,42,,,,raider power armor,35,https://fallout.fandom.com/wiki/Raider_power_armor_(Fallout_76)
raider power armor left leg,,Left Leg,power,42,42,42,,,,raider power armor,35,https://fallout.fandom.com/wiki/Raider_power_armor_(Fallout_76)
raider power armor right leg,,Right Leg,power,42,42,42,,,,raider power armor,35,https://fallout.fandom.com/wiki/Raider_power_armor_(Fallout_76)
raider power armor torso,,Torso,power,71,71,71,,,,raider power armor,35,https://fallout.fandom.com/wiki/Raider_power_armor_(Fallout_76)
raider power armor helmet,,Helmet,power,24,24,24,,,,raider power armor,25,https://fallout.fandom.com/wiki/Raider_power_armor_(Fallout_76)
raider power armor left arm,,Left Arm,power,24,24,24,,,,raider power armor,25,https://fallout.fandom.com/wiki/Raider_power_armor_(Fallout_76)
raider power armor right arm,,Right Arm,power,24,24,24,,,,raider power armor,25,https://fallout.fandom.com/wiki/Raider_power_armor_(Fallout_76)
raider power armor left leg,,Left Leg,power,24,24,24,,,,raider power armor,25,https://fallout.fandom.com/wiki/Raider_power_armor_(Fallout_76)
raider power armor right leg,,Right Leg,power,24,24,24,,,,raider power armor,25,https://fallout.fandom.com/wiki/Raider_power_armor_(Fallout_76)
raider power armor torso,,Torso,power,40,40,40,,,,raider power armor,25,https://fallout.fandom.com/wiki/Raider_power_armor_(Fallout_76)
raider power armor helmet,,Helmet,power,33,33,33,,,,raider power armor,15,https://fallout.fandom.com/wiki/Raider_power_armor_(Fallout_76)
raider power armor left arm,,Left Arm,power,33,33,33,,,,raider power armor,15,https://fallout.fandom.com/wiki/Raider_power_armor_(Fallout_76)
raider power armor right arm,,Right Arm,power,33,33,33,,,,raider power armor,15,https://fallout.fandom.com/wiki/Raider_power_armor_(Fallout_76)
raider power armor left leg,,Left Leg,power,33,33,33,,,,raider power armor,15,https://fallout.fandom.com/wiki/Raider_power_armor_(Fallout_76)
raider power armor right leg,,Right Leg,power,33,33,33,,,,raider power armor,15,https://fallout.fandom.com/wiki/Raider_power_armor_(Fallout_76)
raider power armor torso,,Torso,power,55,55,55,,,,raider power armor,15,https://fallout.fandom.com/wiki/Raider_power_armor_(Fallout_76)
t-45 power armor helmet,,Helmet,power,60,40,40,,,,t-45 power armor,45,https://fallout.fandom.com/wiki/T-45_power_armor_(Fallout_76)
t-45 power armor left arm,,Left Arm,power,60,40,40,,,,t-45 power armor,45,https://fallout.fandom.com/wiki/T-45_power_armor_(Fallout_76)
t-45 power armor right arm,,Right Arm,power,60,40,40,,,,t-45 power armor,45,https://fallout.fandom.com/wiki/T-45_power_armor_(Fallout_76)
t-45 power armor left leg,,Left Leg,power,60,40,40,,,,t-45 power armor,45,https://fallout.fandom.com/wiki/T-45_power_armor_(Fallout_76)
t-45 power armor right leg,,Right Leg,power,60,40,40,,,,t-45 power armor,45,https://fallout.fandom.com/wiki/T-45_power_armor_(Fallout_76)
t-45 power armor torso,,Torso,power,91,60,60,,,,t-45 power armor,45,https://fallout.fandom.com/wiki/T-45_power_armor_(Fallout_76)
t-45 power armor helmet,,Helmet,power,51,35,35,,,,t-45 power armor,35,https://fallout.fandom.com/wiki/T-45_power_armor_(Fallout_76)
t-45 power armor left arm,,Left Arm,power,51,35,35,,,,t-45 power armor,35,https://fallout.fandom.com/wiki/T-45_power_armor_(Fallout_76)
t-45 power armor right arm,,Right Arm,power,51,35,35,,,,t-45 power armor,35,https://fallout.fandom.com/wiki/T-45_power_armor_(Fallout_76)
t-45 power armor left leg,,Left Leg,power,51,35,35,,,,t-45 power armor,35,https://fallout.fandom.com/wiki/T-45_power_armor_(Fallout_76)
t-45 power armor right leg,,Right Leg,power,51,35,35,,,,t-45 power armor,35,https://fallout.fandom.com/wiki/T-45_power_armor_(Fallout_76)
t-45 power armor torso,,Torso,power,75,50,50,,,,t-45 power armor,35,https://fallout.fandom.com/wiki/T-45_power_armor_(Fallout_76)
t-45 power armor helmet,,Helmet,power,42,30,30,,,,t-45 power armor,25,https://fallout.fandom.com/wiki/T-45_power_armor_(Fallout_76)
t-45 power armor left arm,,Left Arm,power,42,30,30,,,,t-45 power armor,25,https://fallout.fandom.com/wiki/T-45_power_armor_(Fallout_76)
t-45 power armor right arm,,Right Arm,power,42,30,30,,,,t-45 power armor,25,https://fallout.fandom.com/wiki/T-45_power_armor_(Fallout_76)
t-45 power armor left leg,,Left Leg,power,42,30,30,,,,t-45 power armor,25,https://fallout.fandom.com/wiki/T-45_power_armor_(Fallout_76)
t-45 power armor right leg,,Right Leg,power,42,30,30,,,,t-45 power armor,25,https://fallout.fandom.com/wiki/T-45_power_armor_(Fallout_76)
t-45 power armor torso,,Torso,power,59,42,42,,,,t-45 power armor,25,https://fallout.fandom.com/wiki/T-45_power_armor_(Fallout_76)
t-51b power armor helmet,,Helmet,power,45,45,27,,,,t-51b power armor,30,https://fallout.fandom.com/wiki/T-51b_power_armor_(Fallout_76)
t-51b power armor left arm,,Left Arm,power,45,45,27,,,,t-51b power armor,30,https://fallout.fandom.com/wiki/T-51b_power_armor_(Fallout_76)
t-51b power armor right arm,,Right Arm,power,45,45,27,,,,t-51b power armor,30,https://fallout.fandom.com/wiki/T-51b_power_armor_(Fallout_76)
t-51b power armor left leg,,Left Leg,power,45,45,27,,,,t-51b power armor,30,https://fallout.fandom.com/wiki/T-51b_power_armor_(Fallout_76)
t-51b power armor right leg,,Right Leg,power,45,45,27,,,,t-51b power armor,30,https://fallout.fandom.com/wiki/T-51b_power_armor_(Fallout_76)
t-51b power armor torso,,Torso,power,75,75,46,,,,t-51b power armor,30,https://fallout.fandom.com/wiki/T-51b_power_armor_(Fallout_76)
t-51b power armor helmet,,Helmet,power,56,56,33,,,,t-51b power armor,40,https://fallout.fandom.com/wiki/T-51b_power_armor_(Fallout_76)
t-51b power armor left arm,,Left Arm,power,56,56,33,,,,t-51b power armor,40,https://fallout.fandom.com/wiki/T-51b_power_armor_(Fallout_76)
t-51b power armor right arm,,Right Arm,power,56,56,33,,,,t-51b power armor,40,https://fallout.fandom.com/wiki/T-51b_power_armor_(Fallout_76)
t-51b power armor left leg,,Left Leg,power,56,56,33,,,,t-51b power armor,40,https://fallout.fandom.com/wiki/T-51b_power_armor_(Fallout_76)
t-51b power armor right leg,,Right Leg,power,56,56,33,,,,t-51b power armor,40,https://fallout.fandom.com/wiki/T-51b_power_armor_(Fallout_76)
t-51b power armor torso,,Torso,power,94,94,55,,,,t-51b power armor,40,https://fallout.fandom.com/wiki/T-51b_power_armor_(Fallout_76)
t-51b power armor helmet,,Helmet,power,68,68,49,,,,t-51b power armor,50,https://fallout.fandom.com/wiki/T-51b_power_armor_(Fallout_76)
t-51b power armor left arm,,Left Arm,power,68,68,49,,,,t-51b power armor,50,https://fallout.fandom.com/wiki/T-51b_power_armor_(Fallout_76)
t-51b power armor right arm,,Right Arm,power,68,68,49,,,,t-51b power armor,50,https://fallout.fandom.com/wiki/T-51b_power_armor_(Fallout_76)
t-51b power armor left leg,,Left Leg,power,68,68,49,,,,t-51b power armor,50,https://fallout.fandom.com/wiki/T-51b_power_armor_(Fallout_76)
t-51b power armor right leg,,Right Leg,power,68,68,49,,,,t-51b power armor,50,https://fallout.fandom.com/wiki/T-51b_power_armor_(Fallout_76)
t-51b power armor torso,,Torso,power,114,114,65,,,,t-51b power armor,50,https://fallout.fandom.com/wiki/T-51b_power_armor_(Fallout_76)
t-60 power armor helmet,,Helmet,power,51,51,21,,,,t-60 power armor,30,https://fallout.fandom.com/wiki/T-60_power_armor_(Fallout_76)
t-60 power armor left arm,,Left Arm,power,51,51,21,,,,t-60 power armor,30,https://fallout.fandom.com/wiki/T-60_power_armor_(Fallout_76)
t-60 power armor right arm,,Right Arm,power,51,51,21,,,,t-60 power armor,30,https://fallout.fandom.com/wiki/T-60_power_armor_(Fallout_76)
t-60 power armor left leg,,Left Leg,power,51,51,21,,,,t-60 power armor,30,https://fallout.fandom.com/wiki/T-60_power_armor_(Fallout_76)
t-60 power armor right leg,,Right Leg,power,51,51,21,,,,t-60 power armor,30,https://fallout.fandom.com/wiki/T-60_power_armor_(Fallout_76)
t-60 power armor torso,,Torso,power,85,85,31,,,,t-60 power armor,30,https://fallout.fandom.com/wiki/T-60_power_armor_(Fallout_76)
t-60 power armor helmet,,Helmet,power,62,62,25,,,,t-60 power armor,40,https://fallout.fandom.com/wiki/T-60_power_armor_(Fallout_76)
t-60 power armor left arm,,Left Arm,power,62,62,25,,,,t-60 power armor,40,https://fallout.fandom.com/wiki/T-60_power_armor_(Fallout_76)
t-60 power armor right arm,,Right Arm,power,62,62,25,,,,t-60 power armor,40,https://fallout.fandom.com/wiki/T-60_power_armor_(Fallout_76)
t-60 power armor left leg,,Left Leg,power,62,62,25,,,,t-60 power armor,40,https://fallout.fandom.com/wiki/T-60_power_armor_(Fallout_76)
t-60 power armor right leg,,Right Leg,power,62,62,25,,,,t-60 power armor,40,https://fallout.fandom.com/wiki/T-60_power_armor_(Fallout_76)
t-60 power armor torso,,Torso,power,103,103,38,,,,t-60 power armor,40,https://fallout.fandom.com/wiki/T-60_power_armor_(Fallout_76)
t-60 power armor helmet,,Helmet,power,74,74,30,,,,t-60 power armor,50,https://fallout.fandom.com/wiki/T-60_power_armor_(Fallout_76)
t-60 power armor left arm,,Left Arm,power,74,74,30,,,,t-60 power armor,50,https://fallout.fandom.com/wiki/T-60_power_armor_(Fallout_76)
t-60 power armor right arm,,Right Arm,power,74,74,30,,,,t-60 power armor,50,https://fallout.fandom.com/wiki/T-60_power_armor_(Fallout_76)
t-60 power armor left leg,,Left Leg,power,74,74,30,,,,t-60 power armor,50,https://fallout.fandom.com/wiki/T-60_power_armor_(Fallout_76)
t-60 power armor right leg,,Right Leg,power,74,74,30,,,,t-60 power armor,50,https://fallout.fandom.com/wiki/T-60_power_armor_(Fallout_76)
t-60 power armor torso,,Torso,power,123,123,45,,,,t-60 power armor,50,https://fallout.fandom.com/wiki/T-60_power_armor_(Fallout_76)
t-65 power armor helmet,,Helmet,power,62,62,30,,,,t-65 power armor,30,https://fallout.fandom.com/wiki/T-65_power_armor
t-65 power armor left arm,,Left Arm,power,62,62,30,,,,t-65 power armor,30,https://fallout.fandom.com/wiki/T-65_power_armor
t-65 power armor right arm,,Right Arm,power,62,62,30,,,,t-65 power armor,30,https://fallout.fandom.com/wiki/T-65_power_armor
t-65 power armor left leg,,Left Leg,power,62,62,30,,,,t-65 power armor,30,https://fallout.fandom.com/wiki/T-65_power_armor
t-65 power armor right leg,,Right Leg,power,62,62,30,,,,t-65 power armor,30,https://fallout.fandom.com/wiki/T-65_power_armor
t-65 power armor torso,,Torso,power,100,100,35,,,,t-65 power armor,30,https://fallout.fandom.com/wiki/T-65_power_armor
t-65 power armor helmet,,Helmet,power,74,74,35,,,,t-65 power armor,40,https://fallout.fandom.com/wiki/T-65_power_armor
t-65 power armor left arm,,Left Arm,power,74,74,35,,,,t-65 power armor,40,https://fallout.fandom.com/wiki/T-65_power_armor
t-65 power armor right arm,,Right Arm,power,74,74,35,,,,t-65 power armor,40,https://fallout.fandom.com/wiki/T-65_power_armor
t-65 power armor left leg,,Left Leg,power,74,74,35,,,,t-65 power armor,40,https://fallout.fandom.com/wiki/T-65_power_armor
t-65 power armor right leg,,Right Leg,power,74,74,35,,,,t-65 power armor,40,https://fallout.fandom.com/wiki/T-65_power_armor
t-65 power armor torso,,Torso,power,119,119,42,,,,t-65 power armor,40,https://fallout.fandom.com/wiki/T-65_power_armor
t-65 power armor helmet,,Helmet,power,90,90,40,,,,t-65 power armor,50,https://fallout.fandom.com/wiki/T-65_power_armor
t-65 power armor left arm,,Left Arm,power,90,90,40,,,,t-65 power armor,50,https://fallout.fandom.com/wiki/T-65_power_armor
t-65 power armor right arm,,Right Arm,power,90,90,40,,,,t-65 power armor,50,https://fallout.fandom.com/wiki/T-65_power_armor
t-65 power armor left leg,,Left Leg,power,90,90,40,,,,t-65 power armor,50,https://fallout.fandom.com/wiki/T-65_power_armor
t-65 power armor right leg,,Right Leg,power,90,90,40,,,,t-65 power armor,50,https://fallout.fandom.com/wiki/T-65_power_armor
t-65 power armor torso,,Torso,power,144,144,50,,,,t-65 power armor,50,https://fallout.fandom.com/wiki/T-65_power_armor
ultracite power armor helmet,,Helmet,power,71,71,27,,,,ultracite power armor,30,https://fallout.fandom.com/wiki/Ultracite_power_armor
ultracite power armor left arm,,Left Arm,power,71,71,27,,,,ultracite power armor,30,https://fallout.fandom.com/wiki/Ultracite_power_armor
ultracite power armor right arm,,Right Arm,power,71,71,27,,,,ultracite power armor,30,https://fallout.fandom.com/wiki/Ultracite_power_armor
ultracite power armor left leg,,Left Leg,power,71,71,27,,,,ultracite power armor,30,https://fallout.fandom.com/wiki/Ultracite_power_armor
ultracite power armor right leg,,Right Leg,power,71,71,27,,,,ultracite power armor,30,https://fallout.fandom.com/wiki/Ultracite_power_armor
ultracite power armor torso,,Torso,power,100,100,38,,,,ultracite power armor,30,https://fallout.fandom.com/wiki/Ultracite_power_armor
ultracite power armor helmet,,Helmet,power,90,90,34,,,,ultracite power armor,40,https://fallout.fandom.com/wiki/Ultracite_power_armor
ultracite power armor left arm,,Left Arm,power,90,90,34,,,,ultracite power armor,40,https://fallout.fandom.com/wiki/Ultracite_power_armor
ultracite power armor right arm,,Right Arm,power,90,90,34,,,,ultracite power armor,40,https://fallout.fandom.com/wiki/Ultracite_power_armor
ultracite power armor left leg,,Left Leg,power,90,90,34,,,,ultracite power armor,40,https://fallout.fandom.com/wiki/Ultracite_power_armor
ultracite power armor right leg,,Right Leg,power,90,90,34,,,,ultracite power armor,40,https://fallout.fandom.com/wiki/Ultracite_power_armor
ultracite power armor torso,,Torso,power,126,126,47,,,,ultracite power armor,40,https://fallout.fandom.com/wiki/Ultracite_power_armor
ultracite power armor helmet,,Helmet,power,112,112,42,,,,ultracite power armor,50,https://fallout.fandom.com/wiki/Ultracite_power_armor
ultracite power armor left arm,,Left Arm,power,112,112,42,,,,ultracite power armor,50,https://fallout.fandom.com/wiki/Ultracite_power_armor
ultracite power armor right arm,,Right Arm,power,112,112,42,,,,ultracite power armor,50,https://fallout.fandom.com/wiki/Ultracite_power_armor
ultracite power armor left leg,,Left Leg,power,112,112,42,,,,ultracite power armor,50,https://fallout.fandom.com/wiki/Ultracite_power_armor
ultracite power armor right leg,,Right Leg,power,112,112,42,,,,ultracite power armor,50,https://fallout.fandom.com/wiki/Ultracite_power_armor
ultracite power armor torso,,Torso,power,155,155,58,,,,ultracite power armor,50,https://fallout.fandom.com/wiki/Ultracite_power_armor
x-01 power armor helmet,,Helmet,power,50,56,56,,,,x-01 power armor,40,https://fallout.fandom.com/wiki/X-01_power_armor_(Fallout_76)
x-01 power armor left arm,,Left Arm,power,50,56,56,,,,x-01 power armor,40,https://fallout.fandom.com/wiki/X-01_power_armor_(Fallout_76)
x-01 power armor right arm,,Right Arm,power,50,56,56,,,,x-01 power armor,40,https://fallout.fandom.com/wiki/X-01_power_armor_(Fallout_76)
x-01 power armor left leg,,Left Leg,power,50,56,56,,,,x-01 power armor,40,https://fallout.fandom.com/wiki/X-01_power_armor_(Fallout_76)
x-01 power armor right leg,,Right Leg,power,50,56,56,,,,x-01 power armor,40,https://fallout.fandom.com/wiki/X-01_power_armor_(Fallout_76)
x-01 power armor torso,,Torso,power,82,94,94,,,,x-01 power armor,40,https://fallout.fandom.com/wiki/X-01_power_armor_(Fallout_76)
x-01 power armor helmet,,Helmet,power,60,68,68,,,,x-01 power armor,50,https://fallout.fandom.com/wiki/X-01_power_armor_(Fallout_76)
x-01 power armor left arm,,Left Arm,power,60,68,68,,,,x-01 power armor,50,https://fallout.fandom.com/wiki/X-01_power_armor_(Fallout_76)
x-01 power armor right arm,,Right Arm,power,60,68,68,,,,x-01 power armor,50,https://fallout.fandom.com/wiki/X-01_power_armor_(Fallout_76)
x-01 power armor left leg,,Left Leg,power,60,68,68,,,,x-01 power armor,50,https://fallout.fandom.com/wiki/X-01_power_armor_(Fallout_76)
x-01 power armor right leg,,Right Leg,power,60,68,68,,,,x-01 power armor,50,https://fallout.fandom.com/wiki/X-01_power_armor_(Fallout_76)
x-01 power armor torso,,Torso,power,98,113,113,,,,x-01 power armor,50,https://fallout.fandom.com/wiki/X-01_power_armor_(Fallout_76)
hellcat power armor helmet,,Helmet,power,65,65,22,,,,hellcat power armor,30,https://fallout.fandom.com/wiki/Hellcat_power_armor
hellcat power armor left arm,,Left Arm,power,65,65,22,,,,hellcat power armor,30,https://fallout.fandom.com/wiki/Hellcat_power_armor
hellcat power armor right arm,,Right Arm,power,65,65,22,,,,hellcat power armor,30,https://fallout.fandom.com/wiki/Hellcat_power_armor
hellcat power armor left leg,,Left Leg,power,65,65,22,,,,hellcat power armor,30,https://fallout.fandom.com/wiki/Hellcat_power_armor
hellcat power armor right leg,,Right Leg,power,65,65,22,,,,hellcat power armor,30,https://fallout.fandom.com/wiki/Hellcat_power_armor
hellcat power armor torso,,Torso,power,95,95,33,,,,hellcat power armor,30,https://fallout.fandom.com/wiki/Hellcat_power_armor
hellcat power armor helmet,,Helmet,power,79,79,26,,,,hellcat power armor,40,https://fallout.fandom.com/wiki/Hellcat_power_armor
hellcat power armor left arm,,Left Arm,power,79,79,26,,,,hellcat power armor,40,https://fallout.fandom.com/wiki/Hellcat_power_armor
hellcat power armor right arm,,Right Arm,power,79,79,26,,,,hellcat power armor,40,https://fallout.fandom.com/wiki/Hellcat_power_armor
hellcat power armor left leg,,Left Leg,power,79,79,26,,,,hellcat power armor,40,https://fallout.fandom.com/wiki/Hellcat_power_armor
hellcat power armor right leg,,Right Leg,power,79,79,26,,,,hellcat power armor,40,https://fallout.fandom.com/wiki/Hellcat_power_armor
hellcat power armor torso,,Torso,power,115,115,40,,,,hellcat power armor,40,https://fallout.fandom.com/wiki/Hellcat_power_armor
hellcat power armor helmet,,Helmet,power,94,94,31,,,,hellcat power armor,50,https://fallout.fandom.com/wiki/Hellcat_power_armor
hellcat power armor left arm,,Left Arm,power,94,94,31,,,,hellcat power armor,50,https://fallout.fandom.com/wiki/Hellcat_power_armor
hellcat power armor right arm,,Right Arm,power,94,94,31,,,,hellcat power armor,50,https://fallout.fandom.com/wiki/Hellcat_power_armor
hellcat power armor left leg,,Left Leg,power,94,94,31,,,,hellcat power armor,50,https://fallout.fandom.com/wiki/Hellcat_power_armor
hellcat power armor right leg,,Right Leg,power,94,94,31,,,,hellcat power armor,50,https://fallout.fandom.com/wiki/Hellcat_power_armor
hellcat power armor torso,,Torso,power,137,137,48,,,,hellcat power armor,50,https://fallout.fandom.com/wiki/Hellcat_power_armor
union power armor helmet,,Helmet,power,70,70,25,,,,union power armor,30,https://fallout.fandom.com/wiki/Union_power_armor
union power armor left arm,,Left Arm,power,70,70,25,,,,union power armor,30,https://fallout.fandom.com/wiki/Union_power_armor
union power armor right arm,,Right Arm,power,70,70,25,,,,union power armor,30,https://fallout.fandom.com/wiki/Union_power_armor
union power armor left leg,,Left Leg,power,70,70,25,,,,union power armor,30,https://fallout.fandom.com/wiki/Union_power_armor
union power armor right leg,,Right Leg,power,70,70,25,,,,union power armor,30,https://fallout.fandom.com/wiki/Union_power_armor
union power armor torso,,Torso,power,110,110,35,,,,union power armor,30,https://fallout.fandom.com/wiki/Union_power_armor
union power armor helmet,,Helmet,power,85,85,30,,,,union power armor,40,https://fallout.fandom.com/wiki/Union_power_armor
union power armor left arm,,Left Arm,power,85,85,30,,,,union power armor,40,https://fallout.fandom.com/wiki/Union_power_armor
union power armor right arm,,Right Arm,power,85,85,30,,,,union power armor,40,https://fallout.fandom.com/wiki/Union_power_armor
union power armor left leg,,Left Leg,power,85,85,30,,,,union power armor,40,https://fallout.fandom.com/wiki/Union_power_armor
union power armor right leg,,Right Leg,power,85,85,30,,,,union power armor,40,https://fallout.fandom.com/wiki/Union_power_armor
union power armor torso,,Torso,power,134,134,43,,,,union power armor,40,https://fallout.fandom.com/wiki/Union_power_armor
union power armor helmet,,Helmet,power,101,101,35,,,,union power armor,50,https://fallout.fandom.com/wiki/Union_power_armor
union power armor left arm,,Left Arm,power,101,101,35,,,,union power armor,50,https://fallout.fandom.com/wiki/Union_power_armor
union power armor right arm,,Right Arm,power,101,101,35,,,,union power armor,50,https://fallout.fandom.com/wiki/Union_power_armor
union power armor left leg,,Left Leg,power,101,101,35,,,,union power armor,50,https://fallout.fandom.com/wiki/Union_power_armor
union power armor right leg,,Right Leg,power,101,101,35,,,,union power armor,50,https://fallout.fandom.com/wiki/Union_power_armor
union power armor torso,,Torso,power,161,161,52,,,,union power armor,50,https://fallout.fandom.com/wiki/Union_power_armor
strangler heart power armor helmet,,Helmet,power,68,59,75,,,,strangler heart power armor,50,https://fallout.fandom.com/wiki/Strangler_heart_power_armor
strangler heart power armor left arm,,Left Arm,power,68,59,75,,,,strangler heart power armor,50,https://fallout.fandom.com/wiki/Strangler_heart_power_armor
strangler heart power armor right arm,,Right Arm,power,68,59,75,,,,strangler heart power armor,50,https://fallout.fandom.com/wiki/Strangler_heart_power_armor
strangler heart power armor left leg,,Left Leg,power,68,59,75,,,,strangler heart power armor,50,https://fallout.fandom.com/wiki/Strangler_heart_power_armor
strangler heart power armor right leg,,Right Leg,power,68,59,75,,,,strangler heart power armor,50,https://fallout.fandom.com/wiki/Strangler_heart_power_armor
strangler heart power armor torso,,Torso,power,113,98,125,,,,strangler heart power armor,50,https://fallout.fandom.com/wiki/Strangler_heart_power_armor
