Name,Type,Class,Level,Damage,Perks,Source URL
.44 pistol,Ranged,Non-automatic pistol,5 / 15 / 25 / 35 / 45,61 / 78 / 99 / 127 / 161,"Bloody Mess; Follow Through; Far-Flung Fireworks; Covert Operative; Tank Killer; Packin' Light; Gunsmith; Gun Runner; Modern Renegade; Quick Hands; Expert, Master: Gunslinger; scoped: Sniper; sighted: Crack Shot",https://fallout.fandom.com/wiki/.44_pistol_(Fallout_76)
.50 cal machine gun,Ranged,Automatic heavy gun,25 / 35 / 45,32 / 41 / 52,Bloody Mess; Follow Through; Far-Flung Fireworks; Covert Operative; Stabilized; Bullet Shield; One Gun Army,https://fallout.fandom.com/wiki/.50_cal_machine_gun
10mm pistol,Ranged,Pistol,1 / 5 (legacy) / 15 / 25 / 35 / 45,26 / 37 / 47 / 61 / 77,Bloody Mess; Follow Through; Far-Flung Fireworks; Covert Operative; Tank Killer; Arms Keeper; Gun Runner; Modern Renegade; scoped only: Sniper; sighted only: Crack Shot; suppressor only: Mister Sandman,https://fallout.fandom.com/wiki/10mm_pistol_(Fallout_76)
10mm submachine gun,Ranged,Automatic Rifle,10 / 20 / 30 / 40 / 50,22 / 29 /36 / 46 / 59,Bloody Mess; Follow Through; Far-Flung Fireworks; Covert Operative; Tank Killer; Arms Keeper; Gunsmith; Ground Pounder; Quick Hands; Tormentor; Long Shot,https://fallout.fandom.com/wiki/10mm_SMG_(Fallout_76)
Acceptable Overkill,Ranged,Pistol/Rifle,45,40,"Bloody Mess; Follow Through; Far-Flung Fireworks; Covert Operative; Tank Killer; Gunsmith; Quick Hands; Modern Renegade; Tormentor; Expert, Master: Gunslinger, Guerrilla; Pistol: Gun Runner; Rifle: Ground Pounder; pistol only: Packin' Light; scoped only: Sniper; sighted only: Crack Shot, Long Shot",https://fallout.fandom.com/wiki/Acceptable_Overkill
Alien blaster,Ranged,Non-automatic pistol,20 / 30 / 40 / 50,35 / 45 / 57 / 72,"Bloody Mess; Gunslinger (Expert, Master); Cryo/Poison mag: Demolition Expert; Follow Through; Far-Flung Fireworks; Sneak; Covert Operative; Tank Killer; Packin' Light; Gunsmith; Gun Runner; Modern Renegade; Quick Hands; Crack Shot (sighted only); Sniper (scoped only)
",https://fallout.fandom.com/wiki/Alien_blaster_(Fallout_76)
Alien disintegrator,Ranged,Rifle,20 / 30 / 40 / 50,38 / 49 / 62 / 80,Bloody Mess; Far-Flung Fireworks; Follow Through; Covert Operative; Tank Killer; Arms Keeper; Ground Pounder; Gunsmith; Tormentor; Quick Hands,https://fallout.fandom.com/wiki/Alien_disintegrator_(Fallout_76)
All Rise,Melee,Two-Handed,30 / 40 / 50,65 / 75 / 85 +5% × STR,"STR; Knee-Capper; Heavy Hitter; Bloody Mess; Collateral Damage; Hack and Slash; Retribution; Ninja; Incisor; Martial Artist; Makeshift Warrior; Martial Artist; Overly Generous; Knee-Capper, Heavy Hitter: Slugger",https://fallout.fandom.com/wiki/All_Rise
Anchorage Ace,Ranged,Automatic rifle,10 / 20 / 30 / 40 / 50,17 / 19 /23 / 28 / 34,Bloody Mess; Follow Through; Far-Flung Fireworks; Covert Operative; Tank Killer; Arms Keeper; Gunsmith; Ground Pounder; Quick Hands; Tormentor; Long Shot,https://fallout.fandom.com/wiki/Anchorage_Ace
Anti-Scorched training pistol,Ranged,Automatic pistol,5 / 15 / 25 / 35 / 45,15 / 18 / 21 / 24 / 28,"Bloody Mess; Follow Through; Far-Flung Fireworks; Covert Operative; Tank Killer; Packin' Light; Gun Runner; Modern Renegade; Crack Shot; Expert,Master: Guerrilla",https://fallout.fandom.com/wiki/Anti-Scorched_training_pistol
Artillery smoke grenade,Grenade,,,,,https://fallout.fandom.com/wiki/Artillery_smoke_grenade_(Fallout_76)
Assault rifle,Ranged,Rifle,30 / 40 / 50,69 / 88 / 112,Bloody Mess; Follow Through; Far-Flung Fireworks; Covert Operative; Tank Killer; Arms Keeper; Gunsmith; Ground Pounder; Quick Hands; Tormentor; scoped only: Sniper; sighted only: Long Shot; suppressor only: Mister Sandman,https://fallout.fandom.com/wiki/Assault_rifle_(Fallout_76)
Assaultron blade,Melee,One-Handed,25 / 35 / 45,95 / 120 / 160.3 80 / 107 / 134 per 10s +5% × STR,STR; Natural Stance; Bloody Mess; Collateral Damage; Hack and Slash; Retribution; Ninja; Incisor; Martial Artist; Makeshift Warrior; Martial Artist; Overly Generous,https://fallout.fandom.com/wiki/Assaultron_blade_(Fallout_76)
Auto axe,Melee,Two-Handed,20 / 25 / 30 / 35 / 40 / 45 / 50,21 / 24 / 27 / 29 / 33 / 39 / 43 +5% per STR,"STR; Knee-Capper; Heavy Hitter; Bloody Mess; Collateral Damage; Hack and Slash; Retribution; Ninja; Incisor; Martial Artist; Makeshift Warrior; Martial Artist; Overly Generous; Knee-Capper, Heavy Hitter: Slugger",https://fallout.fandom.com/wiki/Auto_axe_(Fallout_76)
Auto grenade launcher,Ranged,Explosive heavy gun,40 / 50,194 / 247,Demolition Expert; Bloody Mess; Follow Through; Far-Flung Fireworks; Covert Operative; [1]; Stabilized; Ordnance Express; Bullet Shield; Gunsmith; One Gun Army; Quick Hands,https://fallout.fandom.com/wiki/Auto_grenade_launcher
Baseball bat,Melee,Two-Handed,1 / 5 / 15 / 25 / 35 / 45,83 / 92 / 118 / 150 / 191 / 243 +5% × STR,"STR; Knee-Capper; Heavy Hitter; Bloody Mess; Collateral Damage; Hack and Slash; Retribution; Ninja; Incisor; Martial Artist; Makeshift Warrior; Martial Artist; Overly Generous; Knee-Capper, Heavy Hitter: Slugger",https://fallout.fandom.com/wiki/Baseball_bat_(Fallout_76)
Baseball grenade,Grenade,,,175,,https://fallout.fandom.com/wiki/Baseball_grenade_(Fallout_76)
Baton,Melee,One-handed,5 / 15 / 25 / 35 / 45,59 / 75 / 95 / 120 / 154 +5% × STR,STR; Natural Stance; Bloody Mess; Collateral Damage; Hack and Slash; Retribution; Ninja; Incisor; Martial Artist; Makeshift Warrior; Martial Artist; Overly Generous,https://fallout.fandom.com/wiki/Baton_(Fallout_76)
Bear Arm,Melee,Unarmed,20 / 30 / 40 / 50,111 / 142 / 181 / 229 +10% × STR,STR; Iron Fist; Bloody Mess; Collateral Damage; Exploding Palm; Hack and Slash; Retribution; Covert Operative; Ninja; Incisor; Martial Artist; Makeshift Warrior; Martial Artist; Overly Generous,https://fallout.fandom.com/wiki/Bear_Arm
Binoculars,,,1,8,,https://fallout.fandom.com/wiki/Binoculars_(Fallout_76)
Black Diamond,Melee,One-Handed,15 / 25 / 35 / 45,35 / 40 / 45 / 50 +5% × STR,STR; Natural Stance; Bloody Mess; Collateral Damage; Hack and Slash; Retribution; Ninja; Incisor; Martial Artist; Makeshift Warrior; Martial Artist; Overly Generous,https://fallout.fandom.com/wiki/Black_Diamond
Black powder blunderbuss,Ranged,Non-automatic pistol,10 / 20 / 30 / 40 / 50,115 / 130 / 145 / 160 / 175,"Bloody Mess; Follow Through; Far-Flung Fireworks; Covert Operative; Tank Killer; Packin' Light; Gunsmith; Gun Runner; Modern Renegade; Quick Hands; Crack Shot; Expert, Master: Gunslinger",https://fallout.fandom.com/wiki/Black_powder_blunderbuss
Black powder pistol,Ranged,Non-automatic pistol,10 / 20 / 30 / 40 / 50,285 / 363 / 462 / 589 / 751,"Bloody Mess; Follow Through; Far-Flung Fireworks; Covert Operative; Tank Killer; Packin' Light; Gunsmith; Gun Runner; Modern Renegade; Quick Hands; Crack Shot; Expert, Master: Gunslinger",https://fallout.fandom.com/wiki/Black_powder_pistol
Black powder rifle,Ranged,Non-automatic rifle,15 / 25 / 35 / 45,414 / 528 / 673 / 857,Bloody Mess; Follow Through; Far-Flung Fireworks; Covert Operative; Tank Killer; Arms Keeper; Gunsmith; Ground Pounder; Quick Hands; Tormentor; Long Shot,https://fallout.fandom.com/wiki/Black_powder_rifle
Blade of Bastet,Melee,One-Handed,25 / 35 / 45,116 / 148 / 190 144 / 193 / 241 per 12s +5% × STR,STR; Natural Stance; Bloody Mess; Collateral Damage; Hack and Slash; Retribution; Ninja; Incisor; Martial Artist; Makeshift Warrior; Martial Artist; Overly Generous,https://fallout.fandom.com/wiki/Blade_of_Bastet
Blast mine,Mine,,,225 10,Demolition Expert; Bloody Mess; Ordnance Express,https://fallout.fandom.com/wiki/Blast_mine
Blue Ridge branding iron,Melee,One-Handed,35/45,? / ? ? / ? +5% × STR,STR; Natural Stance; Bloody Mess; Collateral Damage; Hack and Slash; Retribution; Ninja; Incisor; Martial Artist; Makeshift Warrior; Martial Artist; Overly Generous,https://fallout.fandom.com/wiki/Blue_Ridge_branding_iron
Board,Melee,Two-Handed,1 / 5 / 15 / 25 / 35 / 45,68 / 76 / 98 / 124 / 159 / 203 +5% × STR,"STR; Knee-Capper; Heavy Hitter; Bloody Mess; Collateral Damage; Hack and Slash; Retribution; Ninja; Incisor; Martial Artist; Makeshift Warrior; Martial Artist; Overly Generous; Knee-Capper, Heavy Hitter: Slugger",https://fallout.fandom.com/wiki/Board_(Fallout_76)
Boiling Point,Ranged,Heavy Gun,30 / 40 / 50,26 / 33 / 42,Bloody Mess; Follow Through; Far-Flung Fireworks; Covert Operative; Stabilized; Batteries Included; Bullet Shield; Gunsmith; One Gun Army; Friendly Fire,https://fallout.fandom.com/wiki/Boiling_Point
Bone club,Melee,One-Handed,15 / 25 / 35 / 45,21 / 31 / 41 / 51 +5% × STR,STR; Natural Stance; Bloody Mess; Collateral Damage; Hack and Slash; Retribution; Ninja; Incisor; Martial Artist; Makeshift Warrior; Martial Artist; Overly Generous,https://fallout.fandom.com/wiki/Bone_club
Bone hammer,Melee,Two-Handed,15 / 25 / 35 / 45,50 / 60 / 70 / 80 +5% × STR,"STR; Knee-Capper; Heavy Hitter; Bloody Mess; Collateral Damage; Hack and Slash; Retribution; Ninja; Incisor; Martial Artist; Makeshift Warrior; Martial Artist; Overly Generous; Knee-Capper, Heavy Hitter: Slugger",https://fallout.fandom.com/wiki/Bone_hammer
Boomstick,Ranged,Explosive heavy gun,20 / 30 / 40 / 50,3 x2,Demolition Expert; Bloody Mess; Follow Through; Far-Flung Fireworks; Covert Operative; [Note 1]; Stabilized; Ordnance Express; Bullet Shield; Grenadier; Gunsmith; One Gun Army; Quick Hands,https://fallout.fandom.com/wiki/Boomstick
Bottlecap mine,Mine,,,,,https://fallout.fandom.com/wiki/Bottlecap_mine_(Fallout_76)
Bow,Ranged,Bow,1 / 5 / 10 / 15 / 20 / 25 / 30 / 35 / 40 / 45 / 50,90 / 101 / 114 / 129 / 147 / 165 / 186 / 211 / 237 / 268 / 303,Master Archer; Bloody Mess; Follow Through; Far-Flung Fireworks; Covert Operative; Mister Sandman; Bow Before Me; Gunsmith; Quick Hands; Master Archer: Hat Trick; optional: Grenadier,https://fallout.fandom.com/wiki/Bow_(Wastelanders)
Bowie knife,Melee,One-Handed,5 / 15 / 25 / 35 / 45,39 / 49 / 63 / 82 / 103 +5% × STR,STR; Natural Stance; Bloody Mess; Collateral Damage; Hack and Slash; Retribution; Ninja; Incisor; Martial Artist; Makeshift Warrior; Martial Artist; Overly Generous,https://fallout.fandom.com/wiki/Bowie_knife_(Fallout_76)
Boxing glove,Melee,Unarmed,5 / 15 / 25 / 35 / 45,68 / 87 / 110 / 140 / 178 +10% × STR,STR; Iron Fist; Bloody Mess; Collateral Damage; Exploding Palm; Hack and Slash; Retribution; Covert Operative; Ninja; Incisor; Martial Artist; Makeshift Warrior; Martial Artist; Overly Generous,https://fallout.fandom.com/wiki/Boxing_glove_(Fallout_76)
Broadsider,Ranged,Explosive heavy gun,25 / 35 / 45,428 / 545 / 693,Demolition Expert; Bloody Mess; Follow Through; Far-Flung Fireworks; Covert Operative; Stabilized; Ordnance Express; Bullet Shield; Grenadier; Gunsmith; One Gun Army; Quick Hands,https://fallout.fandom.com/wiki/Broadsider_(Fallout_76)
Brotherhood recon rifle,Ranged,Non-automatic rifle,1 / 5 / 10 / 20 / 30 / 40 / 50,138 / 154 / 173 / 221 / 280 / 358 / 456,Bloody Mess; Follow Through; Far-Flung Fireworks; Covert Operative; Tank Killer; Gunsmith; Ground Pounder; Quick Hands; Tormentor; scoped only: Sniper; sighted only: Long Shot; suppressor only: Mister Sandman,https://fallout.fandom.com/wiki/Brotherhood_recon_rifle
Bug grenade,Grenade,,,25 (?s),Demolition Expert; Bloody Mess; Ordnance Express; Strong Arm,https://fallout.fandom.com/wiki/Bug_grenade
Bunker Buster,Ranged,Explosive heavy gun,20 / 30 / 40 / 50,126 / 150 / 174 / 186,Demolition Expert; Bloody Mess; Follow Through; Far-Flung Fireworks; Covert Operative; [Note 1]; Stabilized; Ordnance Express; Bullet Shield; Grenadier; Gunsmith; One Gun Army; Quick Hands,https://fallout.fandom.com/wiki/Bunker_Buster_(weapon)
Burning Love,Ranged,Bow,1 / 5 / 10 / 15 / 20 / 25 / 30 / 35 / 40 / 45 / 50,,,https://fallout.fandom.com/wiki/Burning_Love
Camden Whacker,Melee,One-Handed,1,5 +5% × STR,STR; Natural Stance; Bloody Mess; Collateral Damage; Hack and Slash; Retribution; Ninja; Incisor; Martial Artist; Makeshift Warrior; Martial Artist; Overly Generous,https://fallout.fandom.com/wiki/Camden_Whacker
Cattleprod,Melee,One-Handed,5 / 10 / 15 / 20 / 25 / 30 / 35 / 40 / 45 / 50,63 / 71 / 80 / 90 / 102 / 115 / 130 / 147 / 166 / 187 48 / 53 / 62 / 68 / 77 / 87 / 99 / 113 / 127 / 144 +5% × STR,STR; Natural Stance; Bloody Mess; Collateral Damage; Hack and Slash; Retribution; Ninja; Incisor; Martial Artist; Makeshift Warrior; Martial Artist; Overly Generous,https://fallout.fandom.com/wiki/Cattleprod_(Wastelanders)
Cauterizer,Melee,Two-Handed,20 / 30 / 40 / 50,6 / 8 / 10 / 12 +5% per STR 5 / 5 / 6 / 7 +5% per STR,"STR; STR; Knee-Capper; Heavy Hitter; Bloody Mess; Collateral Damage; Hack and Slash; Retribution; Ninja; Incisor; Martial Artist; Makeshift Warrior; Martial Artist; Overly Generous; Friendly Fire; Knee-Capper, Heavy Hitter: Slugger",https://fallout.fandom.com/wiki/Cauterizer_(Fallout_76)
Chainsaw,Melee,Two-Handed,20 / 25 / 30 / 35 / 40 / 45 / 50,10 / 12 / 12 / 14 / 14 / 16 / 16 +5% per STR,"STR; Knee-Capper; Heavy Hitter; Bloody Mess; Collateral Damage; Hack and Slash; Retribution; Ninja; Incisor; Martial Artist; Makeshift Warrior; Martial Artist; Overly Generous; Knee-Capper, Heavy Hitter: Slugger",https://fallout.fandom.com/wiki/Chainsaw_(Fallout_76)
Chinese officer sword,Melee,One-Handed,5 / 15 / 25 / 35 / 45,72 / 92 / 116 / 148 / 190 96 / 112 / 144 / 193 / 241 per 12s +5% × STR,STR; Natural Stance; Bloody Mess; Collateral Damage; Hack and Slash; Retribution; Ninja; Incisor; Martial Artist; Makeshift Warrior; Martial Artist; Overly Generous,https://fallout.fandom.com/wiki/Chinese_officer_sword_(Fallout_76)
Circuit Breaker,Ranged,Non-automatic pistol,10 / 20 / 30 / 40 / 50,24 / 28 / 32 / 36 / 40,"Bloody Mess; Follow Through; Far-Flung Fireworks; Covert Operative; Tank Killer; Packin' Light; Gun Runner; Modern Renegade; Expert, Master: Gunslinger; sighted only: Crack Shot",https://fallout.fandom.com/wiki/Circuit_Breaker
Civil Unrest,Ranged,Shotgun,5 / 15 / 25 / 35 / 45,55 / 65 / 75 / 85 / 95,Bloody Mess; Follow Through; Far-Flung Fireworks; Covert Operative; Scattershot; Gunsmith; Enforcer; Scattershot; Skeet Shooter; Quick Hands; suppressor only: Mister Sandman,https://fallout.fandom.com/wiki/Civil_Unrest
Cold Shoulder,Ranged,Shotgun,15 / 25 / 35 / 45,80 / 90 / 100 / 115 75,Bloody Mess; Follow Through; Far-Flung Fireworks; Covert Operative; Scattershot; Gunsmith; Enforcer; Scattershot; Skeet Shooter; Quick Hands,https://fallout.fandom.com/wiki/Cold_Shoulder
Combat knife,Melee,One-handed,1 / 5 / 10 / 20 / 30 / 40 / 50,35 / 39 / 44 / 56 / 72 / 91 / 116 +5% × STR,STR; Natural Stance; Bloody Mess; Collateral Damage; Hack and Slash; Retribution; Ninja; Incisor; Martial Artist; Makeshift Warrior; Martial Artist; Overly Generous,https://fallout.fandom.com/wiki/Combat_knife_(Fallout_76)
Combat rifle,Ranged,Rifle,20 / 30 / 40 / 50,46 / 58 / 75 / 95,Bloody Mess; Follow Through; Far-Flung Fireworks; Covert Operative; Tank Killer; Arms Keeper; Gunsmith; Ground Pounder; Quick Hands; Tormentor; scoped only: Sniper; sighted only: Long Shot; suppressor only: Mister Sandman,https://fallout.fandom.com/wiki/Combat_rifle_(Fallout_76)
Combat shotgun,Ranged,Shotgun,20 / 30 / 40 / 50,96 / 128 / 160 / 208,Bloody Mess; Follow Through; Far-Flung Fireworks; Covert Operative; Scattershot; Gunsmith; Enforcer; Scattershot; Skeet Shooter; Quick Hands; suppressor only: Mister Sandman,https://fallout.fandom.com/wiki/Combat_shotgun_(Fallout_76)
Commander's Charge,Melee,One-handed,50,46 20,,https://fallout.fandom.com/wiki/Commander%27s_Charge
Commie Whacker,Melee,One-Handed,1,5 +5% × STR,STR; Natural Stance; Bloody Mess; Collateral Damage; Hack and Slash; Retribution; Ninja; Incisor; Martial Artist; Makeshift Warrior; Martial Artist; Overly Generous,https://fallout.fandom.com/wiki/Commie_Whacker_(Fallout_76)
Compound bow,Ranged,Bow,10 / 15 / 20 / 25 / 30 / 35 / 40 / 45 / 50,129 / 146 / 165 / 186 / 210 / 237 / 267 / 302 / 342,Master Archer; Bloody Mess; Follow Through; Far-Flung Fireworks; Covert Operative; Mister Sandman; Bow Before Me; Gunsmith; Master Archer: Hat Trick; optional: Grenadier,https://fallout.fandom.com/wiki/Compound_bow_(Wastelanders)
Cosmic knife,Melee,One-Handed,1 / 5 / 10 / 20 / 30 / 40 / 50,35 / 39 / 45 / 57 / 73 / 92 / 117 [ 1 ] +5% × STR,[1]; STR; Collateral Damage; Hack and Slash; Retribution; Ninja; Incisor; Martial Artist; Makeshift Warrior; Martial Artist; Overly Generous,https://fallout.fandom.com/wiki/Cosmic_knife_(Fallout_76)
Cremator,Ranged,Heavy gun,30 / 40 / 50,106 / 135 / 172,Demolition Expert; Bloody Mess; Follow Through; Far-Flung Fireworks; Covert Operative; Stabilized; Bullet Shield; Gunsmith; One Gun Army; Grenadier,https://fallout.fandom.com/wiki/Cremator
Crossbow,Ranged,Bow,15 / 25 / 35 / 45,190 /242 / 309 / 395,Master Archer; Bloody Mess; Follow Through; Far-Flung Fireworks; Covert Operative; Mister Sandman; Bow Before Me; Gunsmith; Quick Hands; Master Archer: Hat Trick; optional: Grenadier,https://fallout.fandom.com/wiki/Crossbow_(Fallout_76)
Crowd Control,Ranged,Shotgun,20 / 30 / 40 / 50,,,https://fallout.fandom.com/wiki/Crowd_Control
Crusader pistol,Ranged,Non-automatic pistol,30 / 35 / 40 / 45 / 50,49 / 55 / 62 / 71 / 80,"Bloody Mess; Far-Flung Fireworks; Follow Through; Covert Operative; Tank Killer; Packin' Light; Crack Shot; Gun Runner; Gunsmith; Modern Renegade; Expert, Master: Gunslinger; suppressed only: Mister Sandman",https://fallout.fandom.com/wiki/Crusader_pistol
Crushing Blow,Ranged,Explosive heavy gun,45,3,Demolition Expert; Bloody Mess; Follow Through; Far-Flung Fireworks; Covert Operative; [1]; Stabilized; Ordnance Express; Bullet Shield; Gunsmith; One Gun Army; Quick Hands,https://fallout.fandom.com/wiki/Crushing_Blow
Cryo mine,Mine,,,175,Demolition Expert; Bloody Mess; Ordnance Express,https://fallout.fandom.com/wiki/Cryo_mine_(Fallout_76)
Cryogenic grenade,Grenade,,,100,,https://fallout.fandom.com/wiki/Cryogenic_grenade_(Fallout_76)
Cryolator,Ranged,Heavy gun,25 / 35 / 45,32 / 41 / 52,Bloody Mess; Demolition Expert; Follow Through; Far-Flung Fireworks; Covert Operative; Stabilized; Bullet Shield; Gunsmith; One Gun Army; Grenadier,https://fallout.fandom.com/wiki/Cryolator_(Fallout_76)
Cryptid jawbone knife,Melee,One-Handed,1 / 5 / 10 / 20 / 30 / 40 / 50,9 / 13 / 17 / 21 / 25 / 29 / 33 +5% × STR,STR; Natural Stance; Bloody Mess; Collateral Damage; Hack and Slash; Retribution; Ninja; Incisor; Martial Artist; Makeshift Warrior; Martial Artist; Overly Generous,https://fallout.fandom.com/wiki/Cryptid_jawbone_knife
Cultist blade,Melee,One-Handed,10 / 20 / 30 / 40 / 50,76 / 96 /123 / 158 / 201 67 / 94 / 120 / 147/ 187 per 10s +5% × STR,STR; Natural Stance; Bloody Mess; Collateral Damage; Hack and Slash; Retribution; Ninja; Incisor; Martial Artist; Makeshift Warrior; Martial Artist; Overly Generous,https://fallout.fandom.com/wiki/Cultist_blade
Cultist dagger,Melee,One-Handed,15 / 25 / 35 / 45,55 / 70 / 88 / 112 +5% × STR,STR; Natural Stance; Bloody Mess; Collateral Damage; Hack and Slash; Retribution; Ninja; Incisor; Martial Artist; Makeshift Warrior; Martial Artist; Overly Generous,https://fallout.fandom.com/wiki/Cultist_dagger
Cultist Piercer,Melee,Two-Handed,5 / 15 / 25 / 35 / 45,28 / 47 / 55 / 63 / 69 +5% × STR,"STR; Knee-Capper; Heavy Hitter; Bloody Mess; Collateral Damage; Hack and Slash; Retribution; Ninja; Incisor; Martial Artist; Makeshift Warrior; Martial Artist; Overly Generous; Knee-Capper, Heavy Hitter: Slugger",https://fallout.fandom.com/wiki/Cultist_Piercer
Daisycutter,Ranged,Explosive heavy gun,25 / 35 / 45,1,Demolition Expert; Bloody Mess; Follow Through; Far-Flung Fireworks; Covert Operative; Stabilized; Ordnance Express; Bullet Shield; Grenadier; Gunsmith; One Gun Army; Quick Hands,https://fallout.fandom.com/wiki/Daisycutter
Death tambo,Melee,Unarmed,15 / 25 / 35 / 45,93 / 118 / 150 / 191 +10% × STR,STR; Iron Fist; Bloody Mess; Collateral Damage; Exploding Palm; Hack and Slash; Retribution; Covert Operative; Ninja; Incisor; Martial Artist; Makeshift Warrior; Martial Artist; Overly Generous,https://fallout.fandom.com/wiki/Death_tambo
Deathclaw gauntlet,Melee,"Unarmed, One-handed",30 / 40 / 50,161 / 205 / 261 +10% × STR,STR; Iron Fist; Bloody Mess; Collateral Damage; Exploding Palm; Hack and Slash; Retribution; Covert Operative; Ninja; Incisor; Martial Artist; Makeshift Warrior; Martial Artist; Overly Generous,https://fallout.fandom.com/wiki/Deathclaw_gauntlet_(Fallout_76)
Disorderly Conduct,Melee,One-Handed,45,40 +5% × STR,STR; Natural Stance; Bloody Mess; Collateral Damage; Hack and Slash; Retribution; Ninja; Incisor; Martial Artist; Makeshift Warrior; Martial Artist; Overly Generous,https://fallout.fandom.com/wiki/Disorderly_Conduct
Doctor's Orders,Ranged,Non-automatic rifle,,,,https://fallout.fandom.com/wiki/Doctor%27s_Orders
Double-barrel shotgun,Ranged,Shotgun,15 / 25 / 35 / 45,128 / 160 / 208 / 264,Bloody Mess; Follow Through; Far-Flung Fireworks; Covert Operative; Scattershot; Gunsmith; Enforcer; Scattershot; Skeet Shooter; Quick Hands,https://fallout.fandom.com/wiki/Double-barrel_shotgun_(Fallout_76)
Drill,Melee,One-Handed,20 / 30 / 40 / 50,12 / 14 / 16 / 18 +5% × STR,STR; Natural Stance; Bloody Mess; Collateral Damage; Hack and Slash; Retribution; Ninja; Incisor; Martial Artist; Makeshift Warrior; Martial Artist; Overly Generous,https://fallout.fandom.com/wiki/Drill
Drill Fist,Melee,Unarmed,40 / 50,45 / 50 +10% × STR,STR; Iron Fist; Bloody Mess; Collateral Damage; Exploding Palm; Hack and Slash; Retribution; Friendly Fire; Covert Operative; Ninja; Incisor; Martial Artist; Makeshift Warrior; Martial Artist; Overly Generous,https://fallout.fandom.com/wiki/Drill_Fist
Dross,Grenade,,,5,,https://fallout.fandom.com/wiki/Dross
Dynamite,Grenade,,,175,Demolition Expert; Bloody Mess; Grenadier; Ordnance Express,https://fallout.fandom.com/wiki/Dynamite_(Wastelanders)
Dynamite bundle,Grenade,,,225,Demolition Expert; Bloody Mess; Grenadier; Ordnance Express,https://fallout.fandom.com/wiki/Dynamite_bundle
Elder's Mark,Ranged,Automatic rifle,15 / 25 / 35 / 45,18 / 22 / 25 / 29,,https://fallout.fandom.com/wiki/Elder%27s_Mark
Electro enforcer,Melee,Two-Handed,20 / 30 / 40 / 50,20 / 25 / 30 / 35 35 / 40 / 45 / 50 +5% × STR,"STR; Knee-Capper; Heavy Hitter; Bloody Mess; Collateral Damage; Hack and Slash; Retribution; Ninja; Incisor; Martial Artist; Makeshift Warrior; Martial Artist; Overly Generous; Knee-Capper, Heavy Hitter: Slugger",https://fallout.fandom.com/wiki/Electro_enforcer
Enclave plasma gun,Ranged,Pistol/Rifle,25 / 35 / 45,24 / 28 / 32,"Bloody Mess; Non-auto pistol: Gunslinger (Expert, Master); Auto pistol: Guerilla (Expert, Master); Follow Through; Far-Flung Fireworks; Covert Operative; Tank Killer; Packin' Light; Arms Keeper; Gunsmith; Quick Hands; Sniper (scoped) only; Pistol: Gun Runner, Modern Renegade, Crack Shot (sighted only); Rifle: Ground Pounder, Tormentor, Long Shot (sighted only)",https://fallout.fandom.com/wiki/Enclave_plasma_gun
Explosive bait,Grenade,,,1,Ordnance Express,https://fallout.fandom.com/wiki/Explosive_bait
Face Breaker,Melee,Unarmed,30 / 40 / 50,151 / 192 / 245 +10% × STR,STR; Iron Fist; Bloody Mess; Collateral Damage; Exploding Palm; Hack and Slash; Retribution; Covert Operative; Ninja; Incisor; Martial Artist; Makeshift Warrior; Martial Artist; Overly Generous,https://fallout.fandom.com/wiki/Face_Breaker
Fancy pump action shotgun,Ranged,Shotgun,5 / 10 / 15 / 20 / 25 / 30 / 35 / 40 / 45 / 50,55 / 55 / 65 / 65 / 75 / 75 / 85 / 85 / 95 / 95,Bloody Mess; Follow Through; Far-Flung Fireworks; Covert Operative; Scattershot; Gunsmith; Enforcer; Scattershot; Skeet Shooter; Quick Hands; suppressor only: Mister Sandman,https://fallout.fandom.com/wiki/Fancy_pump_action_shotgun
Fancy single action revolver,Ranged,Non-automatic pistol,10 / 20 / 30 / 40 / 50,42 / 48 / 52 / 58 / 62,"Bloody Mess; Follow Through; Far-Flung Fireworks; Covert Operative; Tank Killer; Packin' Light; Gunsmith; Gun Runner; Modern Renegade; Quick Hands; Crack Shot; Expert, Master: Gunslinger",https://fallout.fandom.com/wiki/Fancy_single_action_revolver
Fat Man,Ranged,Explosive heavy gun,25 / 35 / 45,858 / 1092 / 1391,Demolition Expert; Bloody Mess; Follow Through; Far-Flung Fireworks; Covert Operative; Stabilized; Ordnance Express; Bullet Shield; Grenadier; Gunsmith; One Gun Army; Quick Hands,https://fallout.fandom.com/wiki/Fat_Man_(Fallout_76)
Final Word,Ranged,Automatic heavy gun,25/35/45,29/36/43,Stabilized; Bloody Mess; Bullet Shield; One Gun Army,https://fallout.fandom.com/wiki/Final_Word
Fire axe,Melee,Two-Handed,5 / 15 / 25 / 35 / 45,103 / 132 / 169 / 214 / 273 +5% × STR,"STR; Knee-Capper; |Heavy Hitter; Bloody Mess; Collateral Damage; Hack and Slash; Retribution; Ninja; Incisor; Martial Artist; Makeshift Warrior; Martial Artist; Overly Generous; Knee-Capper, |Heavy Hitter: Slugger",https://fallout.fandom.com/wiki/Fire_axe_(Fallout_76)
Fireworks mine,Mine,,,0,,https://fallout.fandom.com/wiki/Red_fireworks_mine
Flamer,Ranged,Heavy gun,30 / 40 / 50,26 / 33 / 42,Bloody Mess; Follow Through; Far-Flung Fireworks; Covert Operative; Stabilized; Bullet Shield; Gunsmith; One Gun Army,https://fallout.fandom.com/wiki/Flamer_(Fallout_76)
Flare,Grenade,,,0,,https://fallout.fandom.com/wiki/Flare_(Wastelanders)
Flare gun,Ranged,Non-automatic pistol,1,1,"Bloody Mess; Follow Through; Far-Flung Fireworks; Covert Operative; Tank Killer; Packin' Light; Gunsmith; Gun Runner; Modern Renegade; Quick Hands; Crack Shot; Expert, Master: Gunslinger",https://fallout.fandom.com/wiki/Flare_gun_(Fallout_76)
Flatliner,Ranged,Non-automatic rifle,35 / 45,125 / 140,Bloody Mess; Demolition Expert; Follow Through; Far-Flung Fireworks; Covert Operative; Tank Killer; Arms Keeper; Grenadier; Gunsmith; Ground Pounder; Quick Hands; Tormentor; scoped only: Sniper; sighted only: Long Shot; suppressor only: Mister Sandman,https://fallout.fandom.com/wiki/Flatliner
Floater flamer grenade,Grenade,,,125 50 (4s),Grenadier,https://fallout.fandom.com/wiki/Floater_flamer_grenade
Floater freezer grenade,Grenade,,,100,Grenadier,https://fallout.fandom.com/wiki/Floater_freezer_grenade
Floater gnasher grenade,Grenade,,,80 40 (8s),Grenadier,https://fallout.fandom.com/wiki/Floater_gnasher_grenade
Foundation's Vengeance,Ranged,Automatic heavy gun,,,,https://fallout.fandom.com/wiki/Foundation%27s_Vengeance
Fragmentation grenade,Grenade,,,150,,https://fallout.fandom.com/wiki/Fragmentation_grenade_(Fallout_76)
Fragmentation grenade MIRV,Grenade,,,100,,https://fallout.fandom.com/wiki/Fragmentation_grenade_MIRV_(Fallout_76)
Fragmentation mine,Mine,,,150,Demolition Expert; Bloody Mess; Ordnance Express,https://fallout.fandom.com/wiki/Fragmentation_mine_(Fallout_76)
Gamma gun,Ranged,Non-automatic pistol,15 / 25 / 35 / 45,56 / 71 / 90 / 115,"Bloody Mess; Follow Through; Far-Flung Fireworks; Covert Operative; Tank Killer; Packin' Light; Grenadier; Gunsmith; Gun Runner; Modern Renegade; Quick Hands; Crack Shot; Expert, Master: Gunslinger; Expert,Master: Guerrilla",https://fallout.fandom.com/wiki/Gamma_gun_(Fallout_76)
Gatling gun,Ranged,Automatic heavy gun,20 / 30 / 40 / 50,54 / 69 / 88 / 112,Bloody Mess; Follow Through; Far-Flung Fireworks; Covert Operative; Stabilized; Bullet Shield; Gunsmith; One Gun Army; Quick Hands,https://fallout.fandom.com/wiki/Gatling_gun
Gatling laser,Ranged,Heavy gun,25 / 35 / 45,15 / 19 / 25,Bloody Mess; Follow Through; Far-Flung Fireworks; Covert Operative; Stabilized; Bullet Shield; Gunsmith; One Gun Army; Quick Hands,https://fallout.fandom.com/wiki/Gatling_laser_(Fallout_76)
Gatling plasma,Ranged,Heavy gun,30 / 40 / 50,17 / 22 / 28 17 / 22 / 28,Bloody Mess; Follow Through; Far-Flung Fireworks; Covert Operative; Stabilized; Bullet Shield; One Gun Army,https://fallout.fandom.com/wiki/Gatling_plasma_(Fallout_76)
Gauntlet,Melee,Unarmed,40 / 50,181 / 229 353 / 449 per 8s +10% × STR,STR; Iron Fist; Bloody Mess; Collateral Damage; Exploding Palm; Hack and Slash; Retribution; Covert Operative; Ninja; Incisor; Martial Artist; Makeshift Warrior; Martial Artist; Overly Generous,https://fallout.fandom.com/wiki/Gauntlet_(Fallout_76)
Gauss minigun,Ranged,Heavy gun,45 / 50,60 / 68,Bloody Mess; Demolition Expert; Follow Through; Far-Flung Fireworks; Covert Operative; Stabilized; Bullet Shield; Grenadier; Gunsmith; One Gun Army,https://fallout.fandom.com/wiki/Gauss_minigun_(Fallout_76)
Gauss pistol,Ranged,Non-automatic pistol,15 / 20 / 25 / 30 / 35 / 40 / 45 / 50,36 / 40 / 45 / 52 / 58 / 66 / 74 / 83,"Bloody Mess; Follow Through; Far-Flung Fireworks; Covert Operative; Tank Killer; Packin' Light; Grenadier; Gunsmith; Gun Runner; Modern Renegade; Quick Hands; Crack Shot; Expert, Master: Gunslinger; suppressor only: Mister Sandman",https://fallout.fandom.com/wiki/Gauss_pistol_(Wastelanders)
Gauss rifle,Ranged,Non-automatic rifle,35 / 45,83 / 105,Bloody Mess; Demolition Expert; Follow Through; Far-Flung Fireworks; Covert Operative; Tank Killer; Arms Keeper; Grenadier; Gunsmith; Ground Pounder; Quick Hands; Tormentor; scoped only: Sniper; sighted only: Long Shot; suppressor only: Mister Sandman,https://fallout.fandom.com/wiki/Gauss_rifle_(Fallout_76)
Gauss shotgun,Ranged,Shotgun,25 / 30 / 35 / 40 / 45 / 50,72 / 80 / 88 / 104 / 120 / 136,Demolition Expert; Bloody Mess; Follow Through; Far-Flung Fireworks; Covert Operative; Scattershot; Gunsmith; Enforcer; Scattershot; Skeet Shooter; Quick Hands; optional: Grenadier,https://fallout.fandom.com/wiki/Gauss_shotgun
Golf club,Melee,Two-Handed,1 / 5 / 15 / 25 / 35 / 45,24 / 25 / 30 / 35 / 40 / 45 +5% × STR,"STR; Knee-Capper; Heavy Hitter; Bloody Mess; Collateral Damage; Hack and Slash; Retribution; Ninja; Incisor; Martial Artist; Makeshift Warrior; Martial Artist; Overly Generous; Knee-Capper, Heavy Hitter: Slugger",https://fallout.fandom.com/wiki/Golf_club
Grand Finale,Ranged,Explosive heavy gun,25 / 35 / 45,,,https://fallout.fandom.com/wiki/Grand_Finale
Grant's saber,Melee,One-Handed,1 / 5 / 10 / 15 / 20 / 25 / 30 / 35 / 40 / 45 / 50,10 / 16 / 16 / 21 / 21 / 26 / 26 / 31 / 31 / 36 / 36 +5% × STR,STR; Natural Stance; Bloody Mess; Collateral Damage; Hack and Slash; Retribution; Ninja; Incisor; Martial Artist; Makeshift Warrior; Martial Artist; Overly Generous,https://fallout.fandom.com/wiki/Grant%27s_saber
Grognak's axe,Melee,Two-Handed,30 / 40 / 50,201 / 255 / 326 +5% × STR,"STR; Knee-Capper; Heavy Hitter; Bloody Mess; Collateral Damage; Hack and Slash; Retribution; Ninja; Incisor; Martial Artist; Makeshift Warrior; Martial Artist; Overly Generous; Knee-Capper, Heavy Hitter: Slugger",https://fallout.fandom.com/wiki/Grognak%27s_axe_(Fallout_76)
Guitar sword,Melee,One-Handed,15 / 25 / 35 / 45,92 / 116 / 148 / 190 94 / 120 / 160 / 201 per 10s +5% × STR,STR; Natural Stance; Bloody Mess; Collateral Damage; Hack and Slash; Retribution; Ninja; Incisor; Martial Artist; Makeshift Warrior; Martial Artist; Overly Generous,https://fallout.fandom.com/wiki/Guitar_sword
Gulper Smacker,Melee,Two-Handed,20 / 30 / 40 / 50,44 / 50 / 56 / 62 +5% × STR,"STR; Knee-Capper; Heavy Hitter; Bloody Mess; Collateral Damage; Hack and Slash; Retribution; Ninja; Incisor; Martial Artist; Makeshift Warrior; Martial Artist; Overly Generous; Knee-Capper, Heavy Hitter: Slugger",https://fallout.fandom.com/wiki/Gulper_Smacker
Gunther's Big Iron,Ranged,Non-automatic pistol,10 / 20 / 30 / 40 / 50,,,https://fallout.fandom.com/wiki/Gunther%27s_Big_Iron
HalluciGen gas grenade,Grenade,,,1,Demolition Expert; Grenadier; Ordnance Express,https://fallout.fandom.com/wiki/HalluciGen_gas_grenade_(Fallout_76)
Handmade rifle,Ranged,Rifle,15 / 25 / 35 / 45,41 / 52 / 66 / 84,Bloody Mess; Follow Through; Far-Flung Fireworks; Covert Operative; Tank Killer; Arms Keeper; Gunsmith; Ground Pounder; Quick Hands; Tormentor; scoped only: Sniper; sighted only: Long Shot; suppressor only: Mister Sandman,https://fallout.fandom.com/wiki/Handmade_rifle_(Fallout_76)
Harpoon gun,Ranged,Heavy gun,30 / 40 / 50,203 / 259 / 330 300 / 375 / 480,Bloody Mess; Follow Through; Far-Flung Fireworks; Covert Operative; Stabilized; Bullet Shield; Gunsmith; One Gun Army; Quick Hands,https://fallout.fandom.com/wiki/Harpoon_gun_(Fallout_76)
Hatchet,Melee,One-Handed,1 / 5 / 10 / 20 / 30 / 40 / 50,60 / 67 / 76 / 96 / 123 / 158 / 201 +5% × STR,STR; Natural Stance; Bloody Mess; Collateral Damage; Hack and Slash; Retribution; Ninja; Incisor; Martial Artist; Makeshift Warrior; Martial Artist; Overly Generous,https://fallout.fandom.com/wiki/Hatchet_(Fallout_76)
Head Hunter Scythe,Melee,Two-handed,5 / 15 / 25 / 35 / 45,103 / 132 / 169 / 214 / 273 +5% × STR,STR,https://fallout.fandom.com/wiki/Head_Hunter_Scythe
Hellstorm missile launcher,Ranged,Explosive heavy gun,40 / 45 / 50,594 / 670 / 758,Demolition Expert; Bloody Mess; Follow Through; Far-Flung Fireworks; Covert Operative; [1]; Stabilized; Ordnance Express; Bullet Shield; Grenadier; Gunsmith; Lock and Load; One Gun Army,https://fallout.fandom.com/wiki/Hellstorm_missile_launcher
Holy Fire,Ranged,Heavy Gun,30 / 40 / 50,33 / 36 / 41,Bloody Mess; Follow Through; Far-Flung Fireworks; Covert Operative; Stabilized; Batteries Included; Bullet Shield; Gunsmith; One Gun Army; Friendly Fire,https://fallout.fandom.com/wiki/Holy_Fire
Hunting rifle,Ranged,Non-automatic rifle,1 / 5 / 10 / 20 / 30 / 40 / 50,86 / 96 / 108 / 138 / 175 / 224 / 285,Bloody Mess; Follow Through; Far-Flung Fireworks; Covert Operative; Tank Killer; Arms Keeper; Gunsmith; Ground Pounder; Quick Hands; Tormentor; scoped only: Sniper; sighted only: Long Shot; suppressor only: Mister Sandman,https://fallout.fandom.com/wiki/Hunting_rifle_(Fallout_76)
Ice Breaker,Ranged,Heavy gun,30 / 40 / 50,203 / 259/ 330 121 / 155 / 198 300 / 375 / 480,Bloody Mess; Follow Through; Far-Flung Fireworks; Covert Operative; Stabilized; Bullet Shield; Gunsmith; One Gun Army; Quick Hands,https://fallout.fandom.com/wiki/Ice_Breaker
Imposter Assaultron head,Ranged,Non-automatic pistol,25 / 35 / 45,30 / 40 / 50,"Bloody Mess; Follow Through; Far-Flung Fireworks; Covert Operative; Tank Killer; Packin' Light; Gunsmith; Gun Runner; Modern Renegade; Expert, Master: Gunslinger",https://fallout.fandom.com/wiki/Imposter_Assaultron_head
Kingfisher,Ranged,Heavy gun,,175,,https://fallout.fandom.com/wiki/Kingfisher
Knuckles,Melee,Unarmed,1 / 5 / 10 / 20 / 30 / 40 / 50,57 / 64 / 71 / 91 / 115 / 147 / 187 +10% × STR,STR; Iron Fist; Bloody Mess; Collateral Damage; Exploding Palm; Hack and Slash; Retribution; Covert Operative; Ninja; Incisor; Martial Artist; Makeshift Warrior; Martial Artist; Overly Generous,https://fallout.fandom.com/wiki/Knuckles_(Fallout_76)
Laser gun,Ranged,Pistol/Rifle,5 / 15 / 25 / 35 / 45,24 / 31 / 39 / 50 / 64,"Bloody Mess; Non-auto pistol: Gunslinger (Expert, Master); Auto pistol: Guerrilla (Expert, Master); Follow Through; Far-Flung Fireworks; Sneak; Covert Operative; Tank Killer; Packin' Light (pistol only); Arms Keeper (rifle only); Gunsmith; Quick Hands; Sniper (scoped only); Pistol: Gun Runner; Modern Renegade; Crack Shot (sighted only); Rifle: Ground Pounder; Tormentor; Long Shot (sighted only)
",https://fallout.fandom.com/wiki/Laser_gun_(Fallout_76)
Lead pipe,Melee,One-Handed,1 / 5 / 10 / 20 / 30 / 40 / 50,56 / 63 / 71 / 90 / 115 / 147 / 187 +5% × STR,STR; Natural Stance; Bloody Mess; Collateral Damage; Hack and Slash; Retribution; Ninja; Incisor; Martial Artist; Makeshift Warrior; Martial Artist; Overly Generous,https://fallout.fandom.com/wiki/Lead_pipe_(Fallout_76)
Lever action rifle,Ranged,Non-automatic rifle,25 / 35 / 45,112 / 143 / 182,Bloody Mess; Follow Through; Far-Flung Fireworks; Covert Operative; Tank Killer; Arms Keeper; Gunsmith; Ground Pounder; Quick Hands; Tormentor; scoped only: Sniper; sighted only: Long Shot; suppressor only: Mister Sandman,https://fallout.fandom.com/wiki/Lever_action_rifle_(Fallout_76)
Lickety-Split,Ranged,Rifle,30 / 40 / 50,60 / 68 / 76,Bloody Mess; Follow Through; Far-Flung Fireworks; Covert Operative; Tank Killer; Arms Keeper; Grenadier; Gunsmith; Ground Pounder; Quick Hands; Tormentor; scoped only: Sniper; sighted only: Long Shot,https://fallout.fandom.com/wiki/Lickety-Split
Light machine gun,Ranged,Heavy gun,30 / 40 / 50,29 / 37 / 47,Bloody Mess; Follow Through; Far-Flung Fireworks; Covert Operative; Stabilized; Bullet Shield; Gunsmith; One Gun Army; Quick Hands,https://fallout.fandom.com/wiki/Light_machine_gun_(Fallout_76)
Longshot,Ranged,Non-automatic rifle,1 / 5 / 10 / 20 / 30 / 40 / 50,40 / 45 / 50 / 55 / 60 / 65 / 70,Bloody Mess; Follow Through; Far-Flung Fireworks; Covert Operative; Tank Killer; Gunsmith; Ground Pounder; Quick Hands; Tormentor; scoped only: Sniper; sighted only: Long Shot; suppressor only: Mister Sandman,https://fallout.fandom.com/wiki/Longshot
Love Tap,Ranged,Automatic rifle,15 / 25 / 35 / 45,18 / 22 / 25 / 29,,https://fallout.fandom.com/wiki/Love_Tap_(Fallout_76)
Luca's switchblade,Melee,One-Handed,50,58,Natural Stance; Bloody Mess; Collateral Damage; Hack and Slash; Retribution; Ninja; Incisor; Martial Artist; Makeshift Warrior; Martial Artist; Overly Generous,https://fallout.fandom.com/wiki/Luca%27s_switchblade
M79 grenade launcher,Ranged,Explosive heavy gun,15 / 25 / 35 / 45,255 / 324 / 412 / 525,Demolition Expert; Bloody Mess; Follow Through; Far-Flung Fireworks; Covert Operative; [1]; Stabilized; Ordnance Express; Bullet Shield; Gunsmith; One Gun Army; Quick Hands,https://fallout.fandom.com/wiki/M79_grenade_launcher
Machete,Melee,One-Handed,1 / 5 / 10 / 20 / 30 / 40 / 50,64 / 72 / 82 / 103 / 132 / 169 / 214 74 / 88 / 88 / 118 / 162 / 191 / 250 per 11s +5% × STR,STR; Natural Stancebr; Bloody Mess; Collateral Damage; Hack and Slash; Retribution; Ninja; Incisor; Martial Artist; Makeshift Warrior; Martial Artist; Overly Generous,https://fallout.fandom.com/wiki/Machete_(Fallout_76)
Meat cleaver,Thrown,,,60,; Legendary weapon effects; Bloody Mess; Martial Artist; Strong Arm,https://fallout.fandom.com/wiki/Meat_cleaver
Meat hook,Melee,Unarmed,5 / 15 / 25 / 35 / 45,64 / 81 / 103 / 130 / 165 +10% × STR,STR; Natural Stance; Iron Fist; Bloody Mess; Collateral Damage; Exploding Palm; Hack and Slash; Retribution; Covert Operative; Ninja; Incisor; Martial Artist; Makeshift Warrior; Martial Artist; Overly Generous,https://fallout.fandom.com/wiki/Meat_hook_(Fallout_76)
Mechanic's Best Friend,Melee,One-Handed,1 / 5 / 10 / 20 / 30 / 40 / 50,72 / 81 / 91 / 115 / 148 / 189 / 241 +5% × STR,STR; Natural Stance; Bloody Mess; Collateral Damage; Hack and Slash; Retribution; Ninja; Incisor; Martial Artist; Makeshift Warrior; Martial Artist; Overly Generous,https://fallout.fandom.com/wiki/Mechanic%27s_Best_Friend
Medical Malpractice,Ranged,Non-automatic pistol,45,161,"Bloody Mess; Follow Through; Far-Flung Fireworks; Covert Operative; Tank Killer; Packin' Light; Gunsmith; Gun Runner; Modern Renegade; Quick Hands; Expert, Master: Gunslinger; scoped only: Sniper; sighted only: Crack Shot",https://fallout.fandom.com/wiki/Medical_Malpractice
Meteoritic sword,Melee,One-Handed,20 / 25 / 30 / 35 / 40 / 45 / 50,21 / 26 / 26 / 31 / 31 / 36 / 36 +5% × STR,STR; Natural Stance; Bloody Mess; Collateral Damage; Hack and Slash; Retribution; Ninja; Incisor; Martial Artist; Makeshift Warrior; Martial Artist; Overly Generous,https://fallout.fandom.com/wiki/Meteoritic_sword
Mind Over Matter,Ranged,Pistol/Rifle,15 / 25 / 35 / 45,13 / 15 / 17 / 20 13 / 15 / 17 / 20,"Bloody Mess; Follow Through; Far-Flung Fireworks; Covert Operative; Tank Killer; Gunsmith; Quick Hands; Modern Renegade; Tormentor; Expert, Master: Gunslinger, Guerrilla; Pistol: Gun Runner; Rifle: Ground Pounder; pistol only: Packin' Light; scoped only: Sniper; sighted only: Crack Shot, Long Shot",https://fallout.fandom.com/wiki/Mind_Over_Matter
Minigun,Ranged,Automatic heavy gun,35 / 45,22 / 29,Bloody Mess; Follow Through; Far-Flung Fireworks; Covert Operative; Stabilized; Bullet Shield; One Gun Army,https://fallout.fandom.com/wiki/Minigun_(Fallout_76)
Missile launcher,Ranged,Explosive heavy gun,20 / 30 / 40 / 50,472 / 601 / 764 / 973,Demolition Expert; Bloody Mess; Follow Through; Far-Flung Fireworks; Covert Operative; [Note 1]; Stabilized; Ordnance Express; Bullet Shield; Grenadier; Gunsmith; One Gun Army; Quick Hands,https://fallout.fandom.com/wiki/Missile_launcher_(Fallout_76)
Mole miner gauntlet,Melee,Unarmed,20 / 30 / 40 / 50,111 / 142 / 181 / 229 +10% × STR,STR; Iron Fist; Bloody Mess; Collateral Damage; Exploding Palm; Hack and Slash; Retribution; Covert Operative; Ninja; Incisor; Martial Artist; Makeshift Warrior; Martial Artist; Overly Generous,https://fallout.fandom.com/wiki/Mole_miner_gauntlet
Molerat Bat,Melee,Two-handed,1 / 5 / 15 / 25 / 35 / 45,,,https://fallout.fandom.com/wiki/Molerat_Bat
Molotov cocktail,Grenade,,,50 8,,https://fallout.fandom.com/wiki/Molotov_cocktail_(Fallout_76)
Mr. Handy buzz blade,Melee,Two-Handed,15 / 25 / 35 / 45,13 / 17 / 23 / 28 +5% × STR,"STR; Knee-Capper; Heavy Hitter; Bloody Mess; Collateral Damage; Hack and Slash; Retribution; Ninja; Incisor; Martial Artist; Makeshift Warrior; Martial Artist; Overly Generous; Knee-Capper, Heavy Hitter: Slugger",https://fallout.fandom.com/wiki/Mr._Handy_buzz_blade_(Fallout_76)
Multi-purpose axe,Melee,Two-Handed,1 / 5 / 15 / 25 / 35 / 45,26 / 32 / 42 / 52 / 62 / 69 +5% × STR,"STR; Knee-Capper; Heavy Hitter; Bloody Mess; Collateral Damage; Hack and Slash; Retribution; Ninja; Incisor; Martial Artist; Makeshift Warrior; Martial Artist; Overly Generous; Knee-Capper, Heavy Hitter: Slugger",https://fallout.fandom.com/wiki/Multi-purpose_axe
Nailer,Melee,One-Handed,15 / 20 / 25 / 30 / 35 / 40 / 45 / 50,21 / 26 / 26 / 31 / 31 / 36 / 36 / 41 +5% × STR,STR; Natural Stance; Bloody Mess; Collateral Damage; Hack and Slash; Retribution; Ninja; Incisor; Martial Artist; Makeshift Warrior; Martial Artist; Overly Generous,https://fallout.fandom.com/wiki/Nailer
Night Light,Ranged,Rifle,40 / 50,66 / 78,Bloody Mess; Follow Through; Far-Flung Fireworks; Covert Operative; Tank Killer; Gunsmith; Grenadier; Ground Pounder; Tormentor; Long Shot,https://fallout.fandom.com/wiki/Night_Light
Nuka grenade,Grenade,,,250,,https://fallout.fandom.com/wiki/Nuka_grenade_(Fallout_76)
Nuka Quantum grenade,Grenade,,,300,,https://fallout.fandom.com/wiki/Nuka_Quantum_grenade_(Fallout_76)
Nuka-Launcher,Ranged,Explosive heavy gun,40 / 50,172 / 218,Demolition Expert; Bloody Mess; Follow Through; Far-Flung Fireworks; Covert Operative; [1]; Stabilized; Ordnance Express; Bullet Shield; Gunsmith; One Gun Army; Quick Hands,https://fallout.fandom.com/wiki/Nuka-Launcher
Nuke mine,Mine,,,250 125,Demolition Expert; Bloody Mess; Ordnance Express,https://fallout.fandom.com/wiki/Nuke_mine_(Fallout_76)
Oathbreaker,Melee,Two-Handed,30 / 40 / 50,62 / 72 / 82 +5% × STR,"STR; Knee-Capper; Heavy Hitter; Bloody Mess; Collateral Damage; Hack and Slash; Retribution; Ninja; Incisor; Martial Artist; Makeshift Warrior; Martial Artist; Overly Generous; Knee-Capper, Heavy Hitter: Slugger",https://fallout.fandom.com/wiki/Oathbreaker
Old Guard's 10mm SMG,Ranged,Automatic rifle,10 / 20 / 30 / 40 / 50,17 / 19 / 23 / 28 / 34,Bloody Mess; Follow Through; Far-Flung Fireworks; Covert Operative; Tank Killer; Gunsmith; Ground Pounder; Quick Hands; Tormentor; Long Shot,https://fallout.fandom.com/wiki/Old_Guard%27s_10mm_SMG
Orbital scan beacon,Grenade,,,1,,https://fallout.fandom.com/wiki/Orbital_scan_beacon
Orbital strike beacon,Grenade,,,1,,https://fallout.fandom.com/wiki/Orbital_strike_beacon
Overkill,Ranged,Explosive heavy gun,25 / 35 / 45,6,Demolition Expert; Bloody Mess; Follow Through; Far-Flung Fireworks; Covert Operative; Stabilized; Ordnance Express; Bullet Shield; Grenadier; Gunsmith; One Gun Army; Quick Hands,https://fallout.fandom.com/wiki/Overkill_(Fallout_76)
Paddle ball,Ranged,One-handed,5,1,,https://fallout.fandom.com/wiki/Paddle_ball_(Fallout_76)
Pearly Peepers,,,,,,https://fallout.fandom.com/wiki/Pearly_Peepers
Pepper Shaker,Ranged,Automatic heavy shotgun,35 / 40 / 45 / 50,64 / 72 / 88 / 96,Bloody Mess; Follow Through; Far-Flung Fireworks; Covert Operative; Stabilized; Scattershot; Bullet Shield; Gunsmith; Enforcer; One Gun Army; Quick Hands; Scattershot; Skeet Shooter,https://fallout.fandom.com/wiki/Pepper_Shaker
Perfect Storm,Ranged,Automatic rifle,10 / 20 / 30 / 40 / 50,17 / 19 / 23 / 28 / 34 8 per second (3 sec),Bloody Mess; Follow Through; Far-Flung Fireworks; Covert Operative; Tank Killer; Gunsmith; Ground Pounder; Quick Hands; Tormentor; Long Shot,https://fallout.fandom.com/wiki/Perfect_Storm
Pickaxe,Melee,Two-Handed,5 / 15 / 25 / 35 / 45,103 / 132 / 169 / 214 / 273 +5% × STR,"STR; Knee-Capper; Heavy Hitter; Bloody Mess; Collateral Damage; Hack and Slash; Retribution; Ninja; Incisor; Martial Artist; Makeshift Warrior; Martial Artist; Overly Generous; Knee-Capper, Heavy Hitter: Slugger",https://fallout.fandom.com/wiki/Pickaxe_(Fallout_76)
Pipe bolt-action,Ranged,Pistol/Rifle,1 / 5 / 10 / 20 / 30 / 40 / 50,99 / 111 / 125 / 159 / 203 / 259 / 330,"Bloody Mess; Follow Through; Far-Flung Fireworks; Covert Operative; Tank Killer; Quick Hands; Expert, Master: Gunslinger; pistol: Gun Runner, Modern Renegade; pistol & sighted: Crack Shot; pistol only: Packin' Light; rifle: Ground Pounder, Tormentor; rifle & sighted: Long Shot; rifle only: Arms Keeper; scoped: Sniper; suppressor: Mister Sandman",https://fallout.fandom.com/wiki/Pipe_bolt-action_(Fallout_76)
Pipe gun,Ranged,Pistol/Rifle,1 / 5 / 10 / 20 / 30 / 40 / 50,20 / 22 / 25 / 32 / 40 / 52 / 66,Bloody Mess; Far-Flung Fireworks; Follow Through; Covert Operative; Tank Killer; Arms Keeper; Gunsmith; Gun Runner; Modern Renegade; Ground Pounder; Pistol: Crack Shot; Rifle: Tormentor; scoped only: Sniper; sighted only: Long Shot; suppressed only: Mister Sandman,https://fallout.fandom.com/wiki/Pipe_gun_(Fallout_76)
Pipe revolver,Ranged,Non-automatic pistol/rifle,1 / 5 / 10 / 20 / 30 / 40 / 50,51 / 57 / 65 / 83 / 105 / 134 / 171,"Bloody Mess; Follow Through; Far-Flung Fireworks; Covert Operative; Tank Killer; Gunsmith; Quick Hands; Modern Renegade; Tormentor; Expert, Master: Gunslinger; Pistol: Gun Runner; Rifle: Ground Pounder; pistol only: Packin' Light; rifle only: Arms Keeper; scoped only: Sniper; sighted only: Crack Shot, Long Shot; suppressor only: Mister Sandman",https://fallout.fandom.com/wiki/Pipe_revolver_(Fallout_76)
Pipe wrench,Melee,One-Handed,1 / 5 / 10 / 20 / 30 / 40 / 50,56 /63 / 71 / 90 / 115 / 147 / 187 +5% × STR,STR; Natural Stance; Bloody Mess; Collateral Damage; Hack and Slash; Retribution; Ninja; Incisor; Martial Artist; Makeshift Warrior; Martial Artist; Overly Generous,https://fallout.fandom.com/wiki/Pipe_wrench_(Fallout_76)
Pirate Punch,Ranged,Non-automatic pistol,10 / 20 / 30 / 40 / 50,? / ? / ? / ? / 245,"Bloody Mess; Follow Through; Far-Flung Fireworks; Covert Operative; Tank Killer; Packin' Light; Gunsmith; Gun Runner; Modern Renegade; Quick Hands; Crack Shot; Expert, Master: Gunslinger",https://fallout.fandom.com/wiki/Pirate_Punch
Pitchfork,Melee,Two-Handed,1 / 5 / 15 / 25 / 35 / 45,68 / 76 / 98 / 124 / 159 / 203 +5% × STR,"STR; Knee-Capper; Heavy Hitter; Bloody Mess; Collateral Damage; Hack and Slash; Retribution; Ninja; Incisor; Martial Artist; Makeshift Warrior; Martial Artist; Overly Generous; Knee-Capper, Heavy Hitter: Slugger",https://fallout.fandom.com/wiki/Pitchfork
Plasma caster,Ranged,Heavy gun,40 / 45 / 50,81 / 91 / 103 81 / 91 / 103,Bloody Mess; Follow Through; Far-Flung Fireworks; Covert Operative; Stabilized; Bullet Shield; Gunsmith; One Gun Army,https://fallout.fandom.com/wiki/Plasma_caster_(Fallout_76)
Plasma cutter,Melee,One-Handed,30 / 40 / 50,150 / 191 / 243 [ 1 ] 115 / 145 / 187 +5% × STR,[1]; STR; Natural Stance; Bloody Mess; Collateral Damage; Hack and Slash; Retribution; Ninja; Incisor; Martial Artist; Makeshift Warrior; Martial Artist; Overly Generous,https://fallout.fandom.com/wiki/Plasma_cutter
Plasma grenade,Grenade,,,200 + 200,Demolition Expert; Strong Arm; Grenadier; Ordnance Express,https://fallout.fandom.com/wiki/Plasma_grenade_(Fallout_76)
Plasma gun,Ranged,Pistol/Rifle,15 / 25 / 35 / 45,20 / 26 / 33 / 42 20 / 26 / 33 / 42,"Bloody Mess; Non-auto pistol: Gunslinger (Expert, Master); Auto pistol: Guerrilla (Expert, Master); Follow Through; Far-Flung Fireworks; Sneak; Covert Operative; Penetration; Tank Killer; Packin' Light (pistol only); Arms Keeper (rifle only); Gunsmith; Quick Hands; Sniper (scoped only); Pistol: Gun Runner; Modern Renegade; Crack Shot (sighted only); Rifle: Ground Pounder; Tormentor; Long Shot (sighted only)
",https://fallout.fandom.com/wiki/Plasma_gun_(Fallout_76)
Plasma mine,Mine,,,200 200,Demolition Expert; Bloody Mess; Ordnance Express,https://fallout.fandom.com/wiki/Plasma_mine_(Fallout_76)
Pole hook,Melee,Two-Handed,10 / 20 / 30 / 40 / 50,98 / 126 / 159/ 203 / 259 +5% × STR,"STR; Knee-Capper; Heavy Hitter; Bloody Mess; Collateral Damage; Hack and Slash; Retribution; Ninja; Incisor; Martial Artist; Makeshift Warrior; Martial Artist; Overly Generous; Knee-Capper, Heavy Hitter: Slugger",https://fallout.fandom.com/wiki/Pole_hook_(Fallout_76)
Polly's Assaultron head,Ranged,Non-automatic pistol,1 / 5 / 10 / 20 / 30 / 40 / 50,60 / 75 / 80 / 200 / 235 / 270 / 350,"Bloody Mess; Follow Through; Far-Flung Fireworks; Covert Operative; Tank Killer; Packin' Light; Gunsmith; Gun Runner; Modern Renegade; Expert, Master: Gunslinger",https://fallout.fandom.com/wiki/Polly%27s_Assaultron_head
Pool cue,Melee,Two-Handed,1 / 5 / 15 / 25 / 35 / 45,68 / 76 / 98 / 124 / 159 / 203 +5% × STR,"STR; Knee-Capper; Heavy Hitter; Bloody Mess; Collateral Damage; Hack and Slash; Retribution; Ninja; Incisor; Martial Artist; Makeshift Warrior; Martial Artist; Overly Generous; Knee-Capper, Heavy Hitter: Slugger",https://fallout.fandom.com/wiki/Pool_cue_(Fallout_76)
Power fist,Melee,Unarmed,30 / 40 / 50,151 / 192 / 245 +10% × STR,STR; Iron Fist; Bloody Mess; Collateral Damage; Exploding Palm; Hack and Slash; Retribution; Ninja; Incisor; Martial Artist; Makeshift Warrior; Martial Artist; Overly Generous,https://fallout.fandom.com/wiki/Power_fist_(Fallout_76)
ProSnap Deluxe camera,Camera,,,,,https://fallout.fandom.com/wiki/ProSnap_Deluxe_camera
Protest sign,Melee,Two-Handed,1,1 +5% × STR,"STR; Knee-Capper; Heavy Hitter; Bloody Mess; Collateral Damage; Hack and Slash; Retribution; Ninja; Incisor; Martial Artist; Makeshift Warrior; Martial Artist; Overly Generous; Knee-Capper, Heavy Hitter: Slugger",https://fallout.fandom.com/wiki/Protest_sign
Pulse grenade,Grenade,,,175 (normal) 175 (electric),,https://fallout.fandom.com/wiki/Pulse_grenade_(Fallout_76)
Pulse mine,Mine,,,175 175,Demolition Expert; Bloody Mess; Ordnance Express,https://fallout.fandom.com/wiki/Pulse_mine_(Fallout_76)
Pump action shotgun,Ranged,Shotgun,5 / 15 / 25 / 35 / 45,88 / 112 / 144 / 176 / 232,Bloody Mess; Follow Through; Far-Flung Fireworks; Covert Operative; Scattershot; Gunsmith; Enforcer; Scattershot; Skeet Shooter; Quick Hands; suppressor only: Mister Sandman,https://fallout.fandom.com/wiki/Pump_action_shotgun_(Fallout_76)
Pumpkin grenade,Grenade,,,Damage over time: -20 HP/sec (5 sec) 40/s (5 sec),Demolition Expert; Bloody Mess; Detonation Contagion; Ordnance Express; Strong Arm,https://fallout.fandom.com/wiki/Pumpkin_grenade
Pyrolyzer,Ranged,Heavy gun,30 / 40 / 50,27 / ? / 44,Bloody Mess; Batteries Included; Friendly Fire,https://fallout.fandom.com/wiki/Pyrolyzer
Radium rifle,Ranged,Rifle,40 / 50,52 / 66 37 / 47,Bloody Mess; Follow Through; Far-Flung Fireworks; Covert Operative; Tank Killer; Arms Keeper; Gunsmith; Ground Pounder; Quick Hands; Tormentor; scoped only: Sniper; sighted only: Long Shot; suppressor only: Mister Sandman,https://fallout.fandom.com/wiki/Radium_rifle_(Fallout_76)
Railway rifle,Ranged,Rifle,30 / 40 / 50,105 / 134 / 171,Bloody Mess; Follow Through; Far-Flung Fireworks; Covert Operative; Tank Killer; Arms Keeper; Gunsmith; Ground Pounder; Quick Hands; Tormentor; scoped only: Sniper; sighted only: Long Shot,https://fallout.fandom.com/wiki/Railway_rifle_(Fallout_76)
Red Terror,Ranged,Heavy gun,30 / 40 / 50,29 / 34 / 42,Bloody Mess; Follow Through; Far-Flung Fireworks; Covert Operative; Stabilized; Bullet Shield; Gunsmith; One Gun Army; Quick Hands,https://fallout.fandom.com/wiki/Red_Terror
Resolute Veteran,Ranged,Automatic heavy gun,50,86,Stabilized; Bloody Mess; Bullet Shield; One Gun Army,https://fallout.fandom.com/wiki/Resolute_Veteran
Revolutionary sword,Melee,One-Handed,10 / 20 / 30 / 40 / 50,76 / 96 / 123 / 158 / 201 67 / 94 / 120 / 147 / 187 per 10s +5% × STR,Bloody Mess; Incisor; Martial Artist; Gladiator; Gladiator Expert; Gladiator Master,https://fallout.fandom.com/wiki/Revolutionary_sword_(Fallout_76)
Ripper,Melee,One-Handed,40 / 50,29 / 37 +5% × STR,STR; Natural Stance; Bloody Mess; Collateral Damage; Hack and Slash; Retribution; Ninja; Incisor; Martial Artist; Makeshift Warrior; Martial Artist; Overly Generous,https://fallout.fandom.com/wiki/Ripper_(Fallout_76)
Rolling pin,Melee,One-Handed,1 / 5 / 10 / 20 / 30 / 40 / 50,9 / 12 / 15 / 19 / 22 / 25 / 28 +5% × STR,STR; Natural Stance; Bloody Mess; Collateral Damage; Hack and Slash; Retribution; Ninja; Incisor; Martial Artist; Makeshift Warrior; Martial Artist; Overly Generous,https://fallout.fandom.com/wiki/Rolling_pin_(Fallout_76)
Salt of the Earth,Ranged,Shotgun,15 / 25 / 35 / 45,80 / 90 / 100 / 115,Bloody Mess; Follow Through; Far-Flung Fireworks; Covert Operative; Scattershot; Gunsmith; Enforcer; Scattershot; Skeet Shooter; Quick Hands,https://fallout.fandom.com/wiki/Salt_of_the_Earth
Salvaged Assaultron head,Ranged,Non-automatic pistol,25 / 35 / 45,93 / 119 / 152,"Bloody Mess; Follow Through; Far-Flung Fireworks; Covert Operative; Tank Killer; Packin' Light; Gunsmith; Gun Runner; Modern Renegade; Expert, Master: Gunslinger",https://fallout.fandom.com/wiki/Salvaged_Assaultron_head_(Fallout_76)
Shattered Grounds,Ranged,Rifle,15 / 25 / 35 / 45,30 / 35 / 40 / 45,Bloody Mess; Follow Through; Far-Flung Fireworks; Covert Operative; Tank Killer; Arms Keeper; Gunsmith; Ground Pounder; Quick Hands; Tormentor; scoped only: Sniper; sighted only: Long Shot; suppressor only: Mister Sandman,https://fallout.fandom.com/wiki/Shattered_Grounds
Sheepsquatch club,Melee,One-Handed,10 / 20 / 30 / 40 / 50,82 / 103 / 132 / 169 / 214 +5% × STR,STR; Natural Stance; Bloody Mess; Collateral Damage; Hack and Slash; Retribution; Ninja; Incisor; Martial Artist; Makeshift Warrior; Martial Artist; Overly Generous,https://fallout.fandom.com/wiki/Sheepsquatch_club
Sheepsquatch shard,Thrown,,,75 3,,https://fallout.fandom.com/wiki/Sheepsquatch_shard
Sheepsquatch staff,Melee,Two-Handed,10 / 20 / 30 / 40 / 50,130 / 166 / 211 / 270 / 344 +5% × STR,"STR; Knee-Capper; Heavy Hitter; Bloody Mess; Collateral Damage; Hack and Slash; Retribution; Ninja; Incisor; Martial Artist; Makeshift Warrior; Martial Artist; Overly Generous; Knee-Capper, Heavy Hitter: Slugger",https://fallout.fandom.com/wiki/Sheepsquatch_staff
Shepherd's crook,Melee,Two-Handed,10 / 20 / 30 / 40 / 50,10 / 20 / 30 / 40 / 50 +5% × STR,"STR; Knee-Capper; Heavy Hitter; Bloody Mess; Collateral Damage; Hack and Slash; Retribution; Ninja; Incisor; Martial Artist; Makeshift Warrior; Martial Artist; Overly Generous; Knee-Capper, Heavy Hitter: Slugger",https://fallout.fandom.com/wiki/Shepherd%27s_crook
Shishkebab,Melee,One-Handed,35 / 45,67 / 86 68 / 87 107 / 134 per 10s 147 / 194 per 5s +5% × STR,STR; Natural Stance; Bloody Mess; Collateral Damage; Hack and Slash; Retribution; Ninja; Incisor; Martial Artist; Makeshift Warrior; Martial Artist; Overly Generous,https://fallout.fandom.com/wiki/Shishkebab_(Fallout_76)
Shovel,Melee,Two-Handed,1 / 5 / 15 / 25 / 35 / 45,15 / 20 / 25 / 30 / 35 / 40 +5% × STR,"STR; Knee-Capper; Heavy Hitter; Bloody Mess; Collateral Damage; Hack and Slash; Retribution; Ninja; Incisor; Martial Artist; Makeshift Warrior; Martial Artist; Overly Generous; Knee-Capper, Heavy Hitter: Slugger",https://fallout.fandom.com/wiki/Shovel_(Fallout_76)
Sickle,Melee,One-Handed,1 / 5 / 10 / 20 / 30 / 40 / 50,52 / 59 / 66 / 84 / 107 / 136 / 174 40 / 53 / 53 / 80 / 94 / 120 / 160 per 10s +5% × STR,STR; Natural Stance; Bloody Mess; Collateral Damage; Hack and Slash; Retribution; Ninja; Incisor; Martial Artist; Makeshift Warrior; Martial Artist; Overly Generous,https://fallout.fandom.com/wiki/Sickle
Single action revolver,Ranged,Non-automatic pistol,10 / 20 / 30 / 40 / 50,83 / 105 / 134 / 171 / 218,"Bloody Mess; Follow Through; Far-Flung Fireworks; Covert Operative; Tank Killer; Packin' Light; Gunsmith; Gun Runner; Modern Renegade; Quick Hands; Crack Shot; Expert, Master: Gunslinger",https://fallout.fandom.com/wiki/Single_action_revolver
Ski sword,Melee,One-Handed,15 / 25 / 35 / 45,92 / 116 / 148 / 190 +5% × STR,STR; Natural Stance; Bloody Mess; Collateral Damage; Hack and Slash; Retribution; Ninja; Incisor; Martial Artist; Makeshift Warrior; Martial Artist; Overly Generous,https://fallout.fandom.com/wiki/Ski_sword
Sledgehammer,Melee,Two-Handed,10 / 20 / 30 / 40 / 50,111 / 140 / 179 / 229 / 292 +5% × STR,"STR; Knee-Capper; Heavy Hitter; Bloody Mess; Collateral Damage; Hack and Slash; Retribution; Ninja; Incisor; Martial Artist; Makeshift Warrior; Martial Artist; Overly Generous; Knee-Capper, Heavy Hitter: Slugger",https://fallout.fandom.com/wiki/Sledgehammer_(Fallout_76)
Slug Buster,Ranged,Pistol/Rifle,15 / 25 / 35 / 45,18 / 21 / 25 / 29 18 / 21 / 25 / 29,"Bloody Mess; Follow Through; Far-Flung Fireworks; Covert Operative; Tank Killer; Gunsmith; Quick Hands; Modern Renegade; Tormentor; Expert, Master: Gunslinger, Guerrilla; Pistol: Gun Runner; Rifle: Ground Pounder; pistol only: Packin' Light; scoped only: Sniper; sighted only: Crack Shot, Long Shot",https://fallout.fandom.com/wiki/Slug_Buster
Sole Survivor,Ranged,Non-automatic rifle,25 / 35 / 45,112 / 143 / 182,Bloody Mess; Follow Through; Far-Flung Fireworks; Covert Operative; Tank Killer; Gunsmith; Ground Pounder; Quick Hands; Tormentor; scoped only: Sniper; sighted only: Long Shot; suppressor only: Mister Sandman,https://fallout.fandom.com/wiki/Sole_Survivor_(weapon)
Somerset Special,Ranged,Non-automatic pistol,5 / 15 / 25 / 35 / 45,50 / 56 / 63 / 69 / 75,"Bloody Mess; Follow Through; Far-Flung Fireworks; Covert Operative; Tank Killer; Packin' Light; Gunsmith; Gun Runner; Modern Renegade; Quick Hands; Expert, Master: Gunslinger; scoped: Sniper; sighted: Crack Shot",https://fallout.fandom.com/wiki/Somerset_Special
Spear,Melee,Two-Handed,15 / 25 / 35 / 45,92 / 116 / 148 / 190 +5% × STR,"STR; Knee-Capper; Heavy Hitter; Bloody Mess; Collateral Damage; Hack and Slash; Retribution; Ninja; Incisor; Martial Artist; Makeshift Warrior; Martial Artist; Overly Generous; Knee-Capper, Heavy Hitter: Slugger",https://fallout.fandom.com/wiki/Spear_(Fallout_76)
Submachine gun,Ranged,Automatic rifle,15 / 25 / 35 / 45,31 / 39 / 50 / 64,Bloody Mess; Follow Through; Far-Flung Fireworks; Covert Operative; Tank Killer; Arms Keeper; Gunsmith; Ground Pounder; Quick Hands; Tormentor; Long Shot; suppressor only: Mister Sandman,https://fallout.fandom.com/wiki/Submachine_gun_(Fallout_76)
Super sledge,Melee,Two-Handed,30 / 40 / 50,223 / 285 / 362 +5% × STR,"STR; Knee-Capper; Heavy Hitter; Bloody Mess; Collateral Damage; Hack and Slash; Retribution; Ninja; Incisor; Martial Artist; Makeshift Warrior; Martial Artist; Overly Generous; Knee-Capper, Heavy Hitter: Slugger",https://fallout.fandom.com/wiki/Super_sledge_(Fallout_76)
Switchblade,Melee,One-Handed,10 / 20 / 30 / 40 / 50,40 / 51 / 66 / 83 / 107 +5% × STR,STR; Natural Stance; Bloody Mess; Collateral Damage; Hack and Slash; Retribution; Ninja; Incisor; Martial Artist; Makeshift Warrior; Martial Artist; Overly Generous,https://fallout.fandom.com/wiki/Switchblade_(Fallout_76)
Syringer,Ranged,Non-automatic rifle,1,1,Bloody Mess; Follow Through; Far-Flung Fireworks; Covert Operative; Tank Killer; Arms Keeper; Gunsmith; Ground Pounder; Tormentor; scoped only: Sniper; sighted only: Long Shot,https://fallout.fandom.com/wiki/Syringer_(Fallout_76)
Tesla cannon,Ranged,Explosive heavy gun,30 / 40 / 50,193 / 246 / 314,Demolition Expert; Bloody Mess; Follow Through; Far-Flung Fireworks; Covert Operative; Stabilized; Batteries Included; Bullet Shield; Grenadier; Gunsmith; One Gun Army; Quick Hands,https://fallout.fandom.com/wiki/Tesla_cannon_(Fallout_76)
Tesla rifle,Ranged,Rifle,40 / 50,95 / 121,Bloody Mess; Follow Through; Far-Flung Fireworks; Covert Operative; Tank Killer; Arms Keeper; Gunsmith; Grenadier; Ground Pounder; Tormentor; Long Shot,https://fallout.fandom.com/wiki/Tesla_rifle_(Fallout_76)
The Action Hero,Ranged,Automatic heavy gun,25 / 35 / 45,29 / 36 / 43,Bloody Mess; Stabilized; Bullet Shield; One Gun Army,https://fallout.fandom.com/wiki/The_Action_Hero
The Debilitator,Melee,Two-Handed,40 / 50,75 / 85 +5% × STR,"STR; Knee-Capper; Heavy Hitter; Bloody Mess; Collateral Damage; Hack and Slash; Retribution; Ninja; Incisor; Martial Artist; Makeshift Warrior; Martial Artist; Overly Generous; Knee-Capper, Heavy Hitter: Slugger",https://fallout.fandom.com/wiki/The_Debilitator
The Dragon,Ranged,Non-automatic rifle,35 / 45,200 / 225,Bloody Mess; Follow Through; Far-Flung Fireworks; Covert Operative; Tank Killer; Arms Keeper; Gunsmith; Ground Pounder; Long Shot; Tormentor,https://fallout.fandom.com/wiki/The_Dragon
The Fact Finder,Ranged,Non-automatic pistol,5 / 15 / 25 / 35 / 45,60 / 67 / 76 / 83 / 90,"Demolition Expert; Bloody Mess; Follow Through; Far-Flung Fireworks; Covert Operative; Tank Killer; Packin' Light; Gunsmith; Gun Runner; Modern Renegade; Quick Hands; Expert, Master: Gunslinger; scoped only: Sniper; sighted only: Crack Shot",https://fallout.fandom.com/wiki/The_Fact_Finder
The Farmhand,Melee,Two-Handed,30 / 40 / 50,65 / 75 / 85 +5% × STR,"STR; Knee-Capper; Heavy Hitter; Bloody Mess; Collateral Damage; Hack and Slash; Retribution; Ninja; Incisor; Martial Artist; Makeshift Warrior; Martial Artist; Overly Generous; Knee-Capper, Heavy Hitter: Slugger",https://fallout.fandom.com/wiki/The_Farmhand
The Fixer,Ranged,Rifle,20 / 30 / 40 / 50,50 / 64 / 81 / 103,Bloody Mess; Follow Through; Far-Flung Fireworks; Covert Operative; Tank Killer; Gunsmith; Ground Pounder; Quick Hands; Tormentor; scoped only: Sniper; sighted only: Long Shot; suppressor only: Mister Sandman,https://fallout.fandom.com/wiki/The_Fixer
The Guarantee,Ranged,Explosive heavy gun,25 / 35 / 45,1,Demolition Expert; Bloody Mess; Follow Through; Far-Flung Fireworks; Covert Operative; Stabilized; Ordnance Express; Bullet Shield; Grenadier; Gunsmith; One Gun Army; Quick Hands,https://fallout.fandom.com/wiki/The_Guarantee
The Gutter,Melee,One-Handed,25 / 35 / 45,95 / 120 / 154 80 / 107 / 154 per 10s +5% × STR,STR; Natural Stance; Bloody Mess; Collateral Damage; Hack and Slash; Retribution; Ninja; Incisor; Martial Artist; Makeshift Warrior; Martial Artist; Overly Generous,https://fallout.fandom.com/wiki/The_Gutter
The Invader,Melee,One-Handed,1 / 5 / 10 / 20 / 30 / 40 / 50,9 / 13 / 17 / 21 / 25 / 29 / 33 +5% × STR,STR; Natural Stance; Bloody Mess; Collateral Damage; Hack and Slash; Retribution; Ninja; Incisor; Martial Artist; Makeshift Warrior; Martial Artist; Overly Generous,https://fallout.fandom.com/wiki/The_Invader
The Kabloom,Ranged,Shotgun,45,17x8 5.8/sec 10s,Bloody Mess; Demolition Expert; Follow Through; Far-Flung Fireworks; Covert Operative; [Note 1]; Scattershot; Gunsmith; Enforcer; Scattershot; Skeet Shooter; Quick Hands,https://fallout.fandom.com/wiki/The_Kabloom
The Peacemaker,Ranged,Explosive heavy gun,40/50,3 / 3,Demolition Expert; Bloody Mess; Follow Through; Far-Flung Fireworks; Covert Operative; [1]; Stabilized; Ordnance Express; Bullet Shield; Gunsmith; One Gun Army; Quick Hands,https://fallout.fandom.com/wiki/The_Peacemaker
The Quick Fix,Melee,One-Handed,50,30 +5% × STR,STR; Natural Stance; Bloody Mess; Collateral Damage; Hack and Slash; Retribution; Ninja; Incisor; Martial Artist; Makeshift Warrior; Martial Artist; Overly Generous,https://fallout.fandom.com/wiki/The_Quick_Fix
The Tenderizer,Melee,Two-Handed,50,326 +5% × STR,"STR; Knee-Capper; Heavy Hitter; Bloody Mess; Collateral Damage; Hack and Slash; Retribution; Ninja; Incisor; Martial Artist; Makeshift Warrior; Martial Artist; Overly Generous; Knee-Capper, Heavy Hitter: Slugger",https://fallout.fandom.com/wiki/The_Tenderizer_(Fallout_76)
The V.A.T.S. Unknown,Ranged,Non-automatic pistol,20 / 30 / 40 / 50,20 / 25 / 29 / 32,"Bloody Mess; Follow Through; Far-Flung Fireworks; Covert Operative; Tank Killer; Packin' Light; Gunsmith; Gun Runner; Modern Renegade; Quick Hands; Expert, Master: Gunslinger; scoped only: Sniper; sighted only: Crack Shot",https://fallout.fandom.com/wiki/The_V.A.T.S._Unknown
Thirst Zapper,Ranged,Explosive gun,1 / 5 / 10 / 20 / 30 / 40 / 50,0,Bloody Mess; Demolition Expert; Far-Flung Fireworks; Follow Through; Covert Operative; Grenadier,https://fallout.fandom.com/wiki/Thirst_Zapper_(Fallout_76)
Throwing knife,Thrown,,,75,,https://fallout.fandom.com/wiki/Throwing_knife_(Fallout_76)
Ticket to Revenge,Ranged,Rifle,30 / 40 / 50,75 / 85 / 95,Bloody Mess; Follow Through; Far-Flung Fireworks; Covert Operative; Tank Killer; Arms Keeper; Gunsmith; Ground Pounder; Quick Hands; Tormentor; scoped only: Sniper; sighted only: Long Shot,https://fallout.fandom.com/wiki/Ticket_to_Revenge
Tire iron,Melee,One-Handed,1 / 5 / 10 / 20 / 30 / 40 / 50,52 / 59 / 66 / 84 / 107 / 136 / 174 +5% × STR,STR; Natural Stance; Bloody Mess; Collateral Damage; Hack and Slash; Retribution; Ninja; Incisor; Martial Artist; Makeshift Warrior; Martial Artist; Overly Generous,https://fallout.fandom.com/wiki/Tire_iron_(Fallout_76)
Tomahawk,Thrown,,,100,,https://fallout.fandom.com/wiki/Tomahawk_(Fallout_76)
Tone Death,Melee,Unarmed,45,45 [verification needed] +10% × STR,STR; Iron Fist; Bloody Mess; Collateral Damage; Exploding Palm; Hack and Slash; Retribution; Covert Operative; Ninja; Incisor; Martial Artist; Makeshift Warrior; Martial Artist; Overly Generous,https://fallout.fandom.com/wiki/Tone_Death
Trail fireworks,Grenade,,,0,,https://fallout.fandom.com/wiki/Trail_fireworks
Turbo-Fert fertilizer,Grenade,,,0,,https://fallout.fandom.com/wiki/Turbo-Fert_fertilizer
Ultracite Gatling laser,Ranged,Heavy gun,35 / 45,22 / 29,Bloody Mess; Follow Through; Far-Flung Fireworks; Covert Operative; Stabilized; Bullet Shield; Gunsmith; One Gun Army; Quick Hands,https://fallout.fandom.com/wiki/Ultracite_Gatling_laser
Ultracite laser gun,Ranged,Pistol/Rifle,30 / 40 / 50,54 / 68 / 87,"Bloody Mess; Non-auto pistol: Gunslinger (Expert, Master); Auto pistol: Guerrilla (Expert, Master); Follow Through; Far-Flung Fireworks; Sneak; Covert Operative; Tank Killer; Packin' Light (pistol only); Arms Keeper (rifle only); Gunsmith; Quick Hands; Sniper (scoped only); Pistol: Gun Runner; Modern Renegade; Crack Shot (sighted only); Rifle: Ground Pounder; Tormentor; Long Shot (sighted only)
",https://fallout.fandom.com/wiki/Ultracite_laser_gun
Ultracite Terror sword,Melee,Two-Handed,50,54 +5% × STR 32 +5% × STR,"STR; STR; Knee-Capper; Heavy Hitter; Bloody Mess; Collateral Damage; Hack and Slash; Retribution; Ninja; Incisor; Martial Artist; Makeshift Warrior; Martial Artist; Overly Generous; Knee-Capper, Heavy Hitter: Slugger",https://fallout.fandom.com/wiki/Ultracite_Terror_sword
Unstoppable Monster,Melee,Unarmed,50,315 +10% × STR,STR; Iron Fist; Bloody Mess; Collateral Damage; Exploding Palm; Hack and Slash; Retribution; Covert Operative; Ninja; Incisor; Martial Artist; Makeshift Warrior; Martial Artist; Overly Generous,https://fallout.fandom.com/wiki/Unstoppable_Monster
V63 Laser carbine,Ranged,Automatic Rifle,10 / 20 / 30 / 40 / 50,22 / 28 / 36 / 46 / 59,Bloody Mess; Follow Through; Far-Flung Fireworks; Covert Operative; Tank Killer; Arms Keeper; Gunsmith; Quick Hands; Ground Pounder; Tormentor,https://fallout.fandom.com/wiki/V63_Laser_carbine
V63 Shock Baton,Melee,One-handed,5 / 15 / 25 / 35 / 45,15 / 25 / 30 / 35 / 40 15 / 25 / 30 / 35 / 40 +5% × STR +5% × STR,STR; STR; Natural Stance; Bloody Mess; Collateral Damage; Hack and Slash; Retribution; Ninja; Incisor; Martial Artist; Makeshift Warrior; Martial Artist; Overly Generous,https://fallout.fandom.com/wiki/V63_Shock_Baton
V63 Zweihaender,Melee,Two-Handed,30 / 40 / 50,"65 / 75 / 85 45 , +5% × STR","STR; Knee-Capper; Heavy Hitter; Bloody Mess; Collateral Damage; Hack and Slash; Retribution; Ninja; Incisor; Martial Artist; Makeshift Warrior; Martial Artist; Overly Generous; Knee-Capper, Heavy Hitter: Slugger",https://fallout.fandom.com/wiki/V63_Zweihaender
V63-BERTHA,Ranged,Rifle,40 / 50,66 / 78,Bloody Mess; Follow Through; Far-Flung Fireworks; Covert Operative; Tank Killer; Arms Keeper; Gunsmith; Grenadier; Ground Pounder; Tormentor; Long Shot,https://fallout.fandom.com/wiki/V63-BERTHA
V63-OLGA,Ranged,Pistol/Rifle,5 / 15 / 25 / 35 / 45,21 / 26 / 31 / 36 / 45,"Bloody Mess; Follow Through; Far-Flung Fireworks; Covert Operative; Tank Killer; Gunsmith; Quick Hands; Modern Renegade; Tormentor; Expert, Master: Gunslinger, Guerrilla; Pistol: Gun Runner; Rifle: Ground Pounder; pistol only: Packin' Light; rifle only: Arms Keeper; scoped only: Sniper; sighted only: Crack Shot, Long Shot",https://fallout.fandom.com/wiki/V63-OLGA
Valkyrie,Ranged,Heavy gun,25 / 35 / 45,30 / 38 / 50,Bloody Mess; Follow Through; Far-Flung Fireworks; Covert Operative; Stabilized; Bullet Shield; Gunsmith; One Gun Army; Quick Hands,https://fallout.fandom.com/wiki/Valkyrie
Vertibot signal grenade,Grenade,,,1,,https://fallout.fandom.com/wiki/Vertibot_signal_grenade
Voice of Set,Ranged,Non-automatic pistol,25 / 35 / 45,Against All Enemies: 93 / 119 / 152 Against Robots Only: · 35 (Without Eye of Ra ) · 70 (With Eye of Ra ),"Eye of Ra; Eye of Ra; Bloody Mess; Follow Through; Far-Flung Fireworks; Covert Operative; Tank Killer; Packin' Light; Gunsmith; Gun Runner; Modern Renegade; Quick Hands; Crack Shot; Expert, Master: Gunslinger",https://fallout.fandom.com/wiki/Voice_of_Set
Walking cane,Melee,One-Handed,1 / 5 / 10 / 20 / 30 / 40 / 50,48 / 55 / 62 / 78 / 99 / 127 / 162 +5% × STR,STR; Natural Stance; Bloody Mess; Collateral Damage; Hack and Slash; Retribution; Ninja; Incisor; Martial Artist; Makeshift Warrior; Martial Artist; Overly Generous,https://fallout.fandom.com/wiki/Walking_cane_(Fallout_76)
War drum,Melee,Two-Handed,15 / 25 / 35 / 45,147 / 187 / 239 / 305 +5% × STR,"STR; Knee-Capper; heavy Hitter; Bloody Mess; Collateral Damage; Hack and Slash; Retribution; Ninja; Incisor; Martial Artist; Makeshift Warrior; Martial Artist; Overly Generous; Knee-Capper, heavy Hitter: Slugger",https://fallout.fandom.com/wiki/War_drum
War glaive,Melee,Two-Handed,30 / 40 /50,190 / 242 / 309 227 / 294 / 374 per 10s +5% × STR,"STR; Knee-Capper; Heavy Hitter; Bloody Mess; Collateral Damage; Hack and Slash; Retribution; Ninja; Incisor; Martial Artist; Makeshift Warrior; Martial Artist; Overly Generous; Knee-Capper, Heavy Hitter: Slugger",https://fallout.fandom.com/wiki/War_glaive
Western revolver,Ranged,Non-automatic pistol,20 / 30 / 40 / 50,94 / 119 / 152 / 194,"Bloody Mess; Follow Through; Far-Flung Fireworks; Covert Operative; Tank Killer; Packin' Light; Gunsmith; Gun Runner; Modern Renegade; Quick Hands; Expert, Master: Gunslinger; scoped only: Sniper; sighted only: Crack Shot",https://fallout.fandom.com/wiki/Western_revolver_(Fallout_76)
Western Spirit,Ranged,Non-automatic rifle,25 / 35 / 45,? / ? / 94,,https://fallout.fandom.com/wiki/Western_Spirit
Whacker Smacker,Melee,Two-Handed,30 / 40 / 50,65 / 75 / 85 +5% × STR,"STR; Knee-Capper; Heavy Hitter; Bloody Mess; Collateral Damage; Hack and Slash; Retribution; Ninja; Incisor; Martial Artist; Makeshift Warrior; Martial Artist; Overly Generous; Knee-Capper, Heavy Hitter: Slugger",https://fallout.fandom.com/wiki/Whacker_Smacker
Whistle in the Dark,Ranged,Rifle,30 / 40 / 50,69 / 88 / 112,Bloody Mess; Follow Through; Far-Flung Fireworks; Covert Operative; Tank Killer; Gunsmith; Ground Pounder; Quick Hands; Tormentor; scoped only: Sniper; sighted only: Long Shot; suppressor only: Mister Sandman,https://fallout.fandom.com/wiki/Whistle_in_the_Dark
Xerxo's gamma ray gun,Ranged,Non-automatic pistol,15 / 25 / 35 / 45,77 / 91 / 105 / 121,"Bloody Mess; Follow Through; Far-Flung Fireworks; Covert Operative; Tank Killer; Packin' Light; Grenadier; Gunsmith; Gun Runner; Modern Renegade; Quick Hands; Crack Shot; Expert, Master: Gunslinger",https://fallout.fandom.com/wiki/Xerxo%27s_gamma_ray_gun
